geonameid,nearest_cdd_1,nearest_cdd_2,nearest_cdd_3,nearest_cdd_4,nearest_cdd_5,nearest_cdd_6,nearest_cdd_7,nearest_cdd_8,nearest_cdd_9,nearest_cdd_10,nearest_cdd_11,nearest_cdd_12,total_year,average_year,variance_year
292968,37.870887756347656,38.37130610148112,35.10729344685876,24.50169626871743,2.352616628011068,0.0,1.2601318359375,0.2134513854980468,12.751818339029915,26.86282730102539,37.18433507283528,34.214108784993506,138.20380020141604,23.033966700236007,312.3139035817371
1138958,5.577723185221355,0.2503471374511719,0.0,0.0,0.0,0.0,0.0,0.0,0.0,0.0,0.0,0.0,5.828070322672527,0.9713450537787546,5.102520467836629
3183875,0.0,0.0,0.0,0.0,0.0,0.0,0.0,0.0,0.0,0.0,0.0,0.0,0.0,0.0,0.0
616052,0.0,0.0,0.0,0.0,0.0,0.0,0.0,0.0,0.0,0.0,0.0,0.0,0.0,0.0,0.0
2240449,102.08084869384756,110.94682693481444,122.98603693644196,82.20539093017578,66.07623163859054,60.86131668090821,48.60155995686855,54.10939407348627,49.87462107340493,76.71308771769205,77.2285245259603,49.986175537109375,545.1566518147785,90.85944196912976,630.1057484630579
2243271,48.052932739257805,56.7637596130371,37.85460789998372,21.02450815836588,7.733010609944648,18.702164967854817,12.251833597819006,26.945921579996757,26.71433766682942,27.441294352213554,24.969318389892553,36.925710042317704,190.13098398844397,31.68849733140733,358.1630563311432
3347019,33.69571558634441,63.557820638020864,60.864943186442105,90.31362660725902,133.59356562296554,126.7817268371582,139.58080800374336,124.42197545369476,86.03624216715501,62.42063522338859,50.07746887207031,11.468902587890623,508.8073984781902,84.80123307969836,1561.8885035640628
3347719,81.26458867390951,103.07321039835604,112.65270360310856,124.66640981038422,103.58502070109031,74.51715977986656,38.88126373291016,59.49554316202804,68.29853057861328,81.37519709269206,73.97251383463542,50.909515380859375,599.7590929667152,99.95984882778588,358.2401575049228
3435910,0.0,0.0,8.349082946777344,11.18075307210286,0.0,59.17522811889649,89.76586659749353,31.83240127563477,23.493645985921237,2.886067708333334,0.0,0.0,78.7050641377767,13.11751068962945,532.8019056159374
3836350,0.0,0.0,0.0,0.0,1.8898035685221364,0.0,0.0,0.0,0.0,0.0,0.0,0.0,1.8898035685221364,0.3149672614203561,0.5952262545998335
3844419,0.0,0.0,8.349082946777344,11.18075307210286,0.0,59.17522811889649,89.76586659749353,31.83240127563477,23.493645985921237,2.886067708333334,0.0,0.0,78.7050641377767,13.11751068962945,532.8019056159374
3860259,0.0,0.0,28.526920318603516,75.07347361246744,26.06109364827473,141.9613329569499,168.22704823811858,103.15488560994464,45.97561518351236,38.91492716471354,1.291706085205078,0.0,271.62282053629554,45.27047008938259,2997.1039014963653
3865086,0.0,0.0,17.91355768839518,2.588812510172526,2.237238566080729,31.127755482991525,65.31502024332679,33.32135772705078,27.317086537679025,0.0,0.0,0.0,53.86736424763996,8.977894041273327,163.5848817161538
2761369,0.0,0.0,0.0,0.0,0.0,0.0,0.0,0.0,0.0,0.0,0.0,0.0,0.0,0.0,0.0
2063042,11.807941436767578,13.256966908772776,32.15311050415039,44.25006866455079,63.01356887817383,60.41478347778321,58.7608210245768,66.08253860473633,69.7617467244466,52.244581858317034,36.624276479085296,22.753089904785156,224.89643987019855,37.482739978366425,499.5973784441612
2063523,0.0,0.0,0.0,15.315678914388029,24.465115865071606,38.67845535278321,81.50374094645184,33.776484171549484,7.55720392862956,22.355159759521484,0.0,0.0,78.45925013224284,13.07654168870714,260.6318336316556
2073124,55.94665273030594,51.22994867960621,62.47700373331711,65.30272165934248,62.21132278442383,63.777657826741574,61.543454488118606,66.76369094848626,54.299588521321574,67.70169448852533,66.6126391092936,63.450681050618435,360.9453074137372,60.15755123562286,29.321908300836004
2078025,0.0,0.0,0.0,0.0,0.0,19.485095977783207,49.698972066243506,44.4067573547363,26.276476542154928,0.0,0.0,0.0,19.485095977783207,3.247515996297201,63.27816087723723
2147714,0.0,0.0,0.0,0.0,0.0,12.560047149658203,60.28710683186852,46.67221959431963,40.52769724527996,0.0,0.0,0.0,12.560047149658203,2.0933411916097007,26.292464066939523
2158177,0.0,0.0,0.0,0.0,0.0,13.962716420491542,51.8534317016601,45.33261998494468,26.644803365071635,0.0,0.0,0.0,13.962716420491542,2.327119403415257,32.49290830651069
2172517,0.0,0.0,0.0,0.0,0.0,11.876372019449876,57.87784576416023,46.152525583902985,39.35207875569661,0.0,0.0,0.0,11.876372019449876,1.9793953365749797,23.508035390728654
2174003,0.0,0.0,0.0,4.801256815592448,32.422260284423785,49.4785041809082,55.39037831624344,55.66090774536133,61.19184112548828,25.291131337483687,22.84733963012697,14.104977925618496,86.70202128092444,14.450336880154074,453.90079784814026
587084,0.0,0.0,0.0,0.0,0.0,0.0,0.0,0.0,0.0,0.0,0.0,0.0,0.0,0.0,0.0
3191281,0.0,0.0,0.0,0.0,0.0,0.0,0.0,0.0,0.0,0.0,0.0,0.0,0.0,0.0,0.0
3204541,0.0,0.0,0.0,0.0,0.0,0.0,0.0,0.0,0.0,0.0,0.0,0.0,0.0,0.0,0.0
1185241,7.837114969889316,18.305062611897796,11.655470530192057,5.2701797485351545,0.0,1.5854530334472656,0.0,0.0,0.0,0.0,14.229501088460292,16.688311258951835,44.65328089396159,7.442213482326932,46.062977672180395
1337182,7.544471740722667,18.443815867106117,11.261915842692062,5.12133534749349,0.0,1.628340403238931,0.0,0.0,0.0,0.0,12.766284942626957,16.125729878743492,43.999879201253265,7.333313200208877,46.02776385806333
1337200,11.28828684488932,18.194060007731117,13.908318837483712,6.597480773925773,1.0880699157714844,4.094009399414058,0.0,0.0,0.0,0.8422164916992188,10.89690017700196,18.741859436035156,55.170225779215464,9.195037629869244,41.213966384135155
2800866,0.0,0.0,0.0,0.0,0.0,0.0,0.0,0.0,0.0,0.0,0.0,0.0,0.0,0.0,0.0
2357048,28.8544489542643,29.87708409627277,26.040398915608712,25.22069040934243,10.304991404215494,0.0,0.0,0.0,0.0,0.0,10.818693796793612,14.077227274576831,120.29761377970372,20.049602296617287,146.73570265675215
727012,0.0,0.0,0.0,0.0,0.0,0.0,0.0,0.0,0.0,0.0,0.0,0.0,0.0,0.0,0.0
728193,0.0,0.0,0.0,0.0,0.0,0.0,0.0,0.0,0.0,0.0,0.0,0.0,0.0,0.0,0.0
425378,65.2809626261393,32.29584503173828,19.134665171305336,12.875907897949205,31.177304585774728,17.718278249104813,15.445287068684904,23.89346822102866,36.33230336507162,42.7350959777832,25.70344924926755,43.39452870686853,178.48296356201166,29.74716059366861,362.6300856315387
7668939,54.96528879801437,51.01551183064786,55.82693862915039,49.35366566975903,32.61903762817379,14.338611602783203,0.0,2.3309364318847656,6.447374979654944,14.390171051025373,35.24683507283526,46.194821675618535,258.1190541585287,43.01984235975478,268.3106380544301
3903987,7.496026357014981,30.877684275309218,70.9620412190755,122.4892450968425,126.23459752400728,137.9803759256998,163.4085261027018,151.753843943278,115.81773630777998,86.24922053019208,44.833738962809235,24.775931040445972,496.0399703979492,82.6733283996582,3002.6661272604015
6300770,30.95104217529297,66.04528808593757,100.16238784790048,136.67235056559247,147.71864700317388,136.7744839986167,149.51806386311847,110.77622350056964,125.92906443278,109.4386736551921,84.20481745402016,43.734710693359375,618.3241996765141,103.05403327941902,2167.8075866422473
3390760,84.43143463134764,81.61186599731442,81.00182469685872,65.19424184163414,81.74778111775717,53.9286994934082,47.82454172770176,34.64357376098633,58.61103057861336,71.7381528218587,83.47242101033528,67.86808013916021,447.9158477783203,74.65264129638672,150.73036611248176
3399415,60.835812886555935,63.63953526814791,64.61632664998368,53.319485982259074,57.50380325317375,38.7011604309082,38.47761789957682,37.56748326619466,45.11664581298832,51.91914240519204,55.04566319783531,70.59521230061846,338.61612447102857,56.436020745171426,92.70888316913874
3405870,59.08752187093117,62.70862706502281,56.56106948852546,46.762763977050774,54.690896352132185,40.87075678507487,30.836097717285114,35.027037302652964,42.18264516194664,44.21959813435874,52.52035395304354,65.35286204020181,320.6816355387373,53.44693925645621,66.33576687430654
3448439,0.0,16.982176462809257,62.69991556803383,123.17544301350908,79.05277506510417,160.2111701965333,174.16064198811853,160.64666620890296,82.7261492411295,82.03364435831706,15.769662221272794,10.325173695882162,442.1214803059896,73.6869133843316,3746.0513135606734
3449433,0.0,14.812580108642578,64.8140106201171,124.58315785725904,79.46903483072916,156.48249181111655,171.66056060791024,162.9524930318196,90.8572870890299,90.04349136352532,14.884164174397794,8.692930857340496,440.1612752278645,73.36021253797742,3690.600952493367
3450554,46.10025660196939,88.86487706502277,103.2553240458172,106.94888051350908,129.9229113260904,91.1599820454916,86.15071360270174,58.441018422444614,80.16319529215495,100.85110855102548,94.34058507283518,44.415863037109375,566.2522315979005,94.3753719329834,774.3530540992754
3451190,0.0,17.47411982218425,57.593795776367195,125.59984079996752,80.7615292867025,153.94709142049155,170.29068756103513,162.84149042765304,82.99861017862956,84.67752456665035,16.188444773356135,11.843891143798828,435.376377105713,72.56272951761883,3605.5486927481097
3452925,0.0,0.0,25.73293431599934,85.9466832478841,31.053688049316364,149.47923660278323,179.00943756103504,111.55576451619476,49.26962534586587,41.11459986368816,0.4087308247884113,0.0,292.21254221598304,48.702090369330506,3425.20566971683
3455077,0.0,13.66278076171875,63.05310567220055,132.89573923746747,77.99320475260416,153.31387201944986,174.96036529541016,160.94687779744467,97.9059524536132,86.07514826456708,12.29578526814779,6.427468617757159,440.9187024434408,73.48645040724013,3802.035240193747
3462377,23.80836359659829,55.28308105468757,91.7488950093587,133.78123728434247,152.8171984354655,136.8577359517416,155.25992584228516,126.99269485473616,124.30943552652984,104.5520362854004,78.63623936971028,37.432750701904304,594.2965113321942,99.0494185553657,2631.349708675959
3464975,0.0,12.98667399088541,55.87652715047196,134.4447301228842,79.36374791463214,165.78905105590815,181.42878977457707,160.8711942036946,99.67694854736328,84.81880060831712,7.484240214029951,2.5434417724609375,448.46073023478186,74.74345503913031,4326.266990302994
3469058,32.19225311279297,69.49645996093746,101.476759592692,136.10724639892567,146.9693794250488,133.1341031392416,145.31510162353513,101.84555943806964,124.44062042236344,109.68086115519208,86.92185846964516,43.79273478190103,619.3762016296384,103.22936693827307,2015.137816745119
3470127,6.032810211181641,26.599038441975903,73.44698588053384,127.03278350830097,111.19626744588211,140.1096076965332,170.6287409464518,158.8933296203613,120.5681432088219,93.17931493123376,41.51879755655926,23.426003774007174,484.4174931844077,80.73624886406795,3032.1904489624703
3663517,59.751014709472656,63.70008214314772,60.48147964477539,47.75421905517578,57.94276809692376,43.04792149861652,37.45084381103515,37.76678339640299,43.99400583902993,49.72179539998379,53.22168858846031,69.4851862589519,332.6774851481118,55.446247524685305,66.2257548238774
1252416,0.0,2.8028551737467464,0.6506818135579427,0.0,0.0,0.0,0.0,0.0,0.0,0.0,3.2085901896158844,8.925697326660153,3.4535369873046893,0.5755894978841148,1.258312865409407
11778169,0.0,19.175581614176433,0.0,9.125509897867836,96.91225051879884,60.67206827799476,75.42130279541017,92.98553339640296,58.88668441772461,11.985600789388023,2.7262649536132812,0.0,185.88541030883783,30.980901718139645,1553.0328806543878
620127,0.0,0.0,0.0,0.0,0.0,0.0,0.0,0.0,0.0,0.0,0.0,0.0,0.0,0.0,0.0
623549,0.0,0.0,0.0,0.0,0.0,0.0,0.0,0.0,0.0,0.0,0.0,0.0,0.0,0.0,0.0
625143,0.0,0.0,0.0,0.0,0.0,0.0,0.0,0.0,0.0,0.0,0.0,0.0,0.0,0.0,0.0
625665,0.0,0.0,0.0,0.0,0.0,0.0,0.0,0.0,0.0,0.0,0.0,0.0,0.0,0.0,0.0
627904,0.0,0.0,0.0,0.0,0.0,0.0,0.0,0.0,0.0,0.0,0.0,0.0,0.0,0.0,0.0
629634,0.0,0.0,0.0,0.0,0.0,0.0,0.0,0.0,0.0,0.0,0.0,0.0,0.0,0.0,0.0
3582678,14.055783589681011,19.483203887939457,12.276075998942051,3.943509419759111,0.0,0.0,0.0,0.0,0.0,0.0,0.0,0.305572509765625,49.758572896321624,8.29309548272027,66.15219968428057
6167865,0.0,0.0,0.0,0.0,0.0,0.0,0.0,0.0,0.0,0.0,0.0,0.0,0.0,0.0,0.0
6173331,0.0,0.0,0.0,0.0,0.0,0.0,0.0,0.0,0.0,0.0,0.0,0.0,0.0,0.0,0.0
209228,77.29447174072266,85.09583409627277,75.98400243123372,16.83561833699545,57.381881713867266,19.55392074584961,27.03173573811851,26.671450297037776,40.67796071370443,52.30512873331704,40.04608154296876,59.408782958984375,332.14572906494146,55.35762151082358,912.19632440442
922704,75.16196823120117,91.26404698689782,74.99507013956706,85.21002960205078,108.31776809692384,116.32729975382507,75.44905344645183,50.15618769327798,82.17385609944664,102.26134618123368,90.91464106241858,31.420989990234375,551.2761828104658,91.8793638017443,295.4664057342617
922773,74.0595105489095,85.92078526814782,91.85485204060863,91.14362335205084,103.9180285135904,102.8051643371581,53.79345448811845,51.24098587036127,69.91311391194658,106.43908055623368,91.28549067179364,34.057065327962235,549.7019640604653,91.61699401007756,123.49665617355495
2314302,39.6368776957194,56.06613032023123,33.32947794596352,26.09211603800457,31.07256952921551,21.518461863199875,32.0932731628418,37.17897415161133,33.40839385986328,29.85213216145832,35.906188964843736,41.84262084960937,207.7156333923341,34.619272232055685,148.7460761769126
2389853,37.76240793863931,41.83761469523113,18.33738581339518,28.042229970296248,49.44602330525718,42.0085334777832,70.11588287353511,60.408791859944685,43.7947057088216,24.398064931233716,34.348723093668625,25.70979563395186,217.43419520060223,36.23903253343371,125.80661375791692
2260535,39.6368776957194,56.06613032023123,33.32947794596352,26.09211603800457,31.07256952921551,21.518461863199875,32.0932731628418,37.17897415161133,33.40839385986328,29.85213216145832,35.906188964843736,41.84262084960937,207.7156333923341,34.619272232055685,148.7460761769126
2660646,0.0,0.0,0.0,0.0,0.0,0.0,0.0,0.0,0.0,0.0,0.0,0.0,0.0,0.0,0.0
2661604,0.0,0.0,0.0,0.0,0.0,0.0,0.0,0.0,0.0,0.0,0.0,0.0,0.0,0.0,0.0
2279755,55.0788141886393,47.35242589314776,54.82034683227533,49.13418324788409,32.18007278442379,14.661528269449864,6.284339904785151,0.4147618611653649,2.523732503255208,15.08898289998373,28.51856358846031,43.68717193603515,253.22737121582017,42.204561869303355,251.70672815357585
2290956,50.76737213134766,43.31849034627282,51.10932795206698,46.39191436767578,25.918516794840507,11.460112253824876,3.2796223958333384,0.0080808003743489,0.0,7.596307118733731,25.968026479085307,39.88533274332681,228.96573384602863,38.16095564100477,256.7486549037716
2293538,55.80033111572272,54.86023839314781,59.65905125935875,52.11611684163414,38.90834426879882,19.533028920491535,7.270749409993496,4.63755162556966,4.227795918782549,21.718865712483733,40.74650955200196,45.21093495686846,280.8771107991538,46.81285179985897,229.0709303459473
3868626,0.0,0.0,8.833457946777338,16.112800598144513,1.9150314331054688,81.13695144653317,122.867347717285,48.772912343343066,31.265247344970703,10.348430633544922,0.0,0.0,107.99824142456048,17.999706904093415,996.1175732080608
3871336,0.0,0.0,6.035687764485675,9.1019770304362,0.0,70.2990608215332,103.60839589436856,35.30880101521811,22.859914143880214,9.99776331583659,0.0,0.0,85.43672561645508,14.23945426940918,768.9322235398006
3899539,0.0,16.982176462809257,62.69991556803383,123.17544301350908,79.05277506510417,160.2111701965333,174.16064198811853,160.64666620890296,82.7261492411295,82.03364435831706,15.769662221272794,10.325173695882162,442.1214803059896,73.6869133843316,3746.0513135606734
2220957,33.256750742594406,31.302458445231093,42.9607276916504,30.947415669759145,27.89385859171547,11.616091410319006,6.149094899495447,12.735183715820312,25.141222635904956,27.692824045817037,33.88453038533524,32.0773086547852,177.9773025512695,29.66288375854492,104.58058493065646
2232593,57.88667551676437,39.12561925252279,55.07010269165039,57.92609405517585,40.449766794840485,7.294991811116543,2.966875712076822,9.89503860473633,33.262072245279995,48.69754409790039,51.829110463460246,48.775632222493506,257.7532501220704,42.95887502034507,377.2881496868037
1792947,0.0,0.0,0.0,0.0,0.0,0.0,0.0,0.0,0.0,0.0,0.0,0.0,0.0,0.0,0.0
1796236,50.571698506673144,18.69577916463216,0.0,0.0,0.0,0.0,0.0,0.0,1.7075322469075516,2.006167093912759,22.93007914225261,53.37029647827155,69.2674776713053,11.544579611884217,421.4729875863488
1808894,10.185829162597654,48.13953526814776,4.312230428059897,0.0,0.0,0.0,0.0,0.0,0.0,0.0,0.0,2.3136316935221357,62.637594858805315,10.43959914313422,357.16998424231605
1809858,30.411008199055978,57.82703526814774,37.77387873331705,31.47972361246746,12.931212107340505,0.0,0.5686912536621094,4.345184326171875,0.0,2.764067331949871,8.982105255126953,15.313392639160137,170.42285792032874,28.403809653388123,402.638434094588
1816670,0.0,0.0,0.0,0.0,0.0,0.0,0.0,0.0,0.0,0.0,0.0,0.0,0.0,0.0,0.0
2034937,0.0,0.0,0.0,0.0,0.0,0.0,0.0,0.0,0.0,0.0,0.0,0.0,0.0,0.0,0.0
3674962,55.7145563761393,50.2208340962727,57.562615712483606,50.55955759684259,35.03838984171552,16.38459142049154,7.628985087076817,1.2738889058430989,3.103382110595703,17.672316233317062,31.581226348876996,43.88899485270181,265.4805450439452,44.2467575073242,249.09157216232583
3687238,35.97879791259763,40.2835782368978,36.44689305623372,33.3390172322591,13.48874791463215,0.0814387003580729,0.0,0.0,0.0,0.0,13.084156036376967,24.637611389160135,159.61847305297846,26.603078842163075,258.5433575083105
3687925,53.74930572509766,51.08362706502287,60.703484853108755,54.14948272705071,40.21262486775717,20.622872670491535,8.277341206868496,9.206317901611326,14.492540995279942,29.854852040608712,46.49846267700191,53.10221099853515,280.5213979085287,46.75356631808811,208.51733362924156
3688689,55.58337148030594,54.249724070231096,57.100945790608755,52.509671529134074,38.272602081298835,21.261137644449875,7.079017639160165,7.230976104736328,8.082140604654962,24.809279123942066,44.99992752075195,47.99609120686846,278.97745259602857,46.4962420993381,199.15044578832277
3689147,33.59476470947262,35.11943435668945,33.95185724894206,31.72443389892578,12.527566274007151,0.0,0.0,0.0,0.0,0.0,13.028654734293616,19.609697977701824,146.91805648803705,24.486342748006177,216.12104639822604
3621849,39.977414449056006,44.58997472127279,38.85110855102539,34.93341827392578,15.057921091715508,1.5084292093912766,0.0,0.0,0.0,0.0,13.311206817626951,27.513587951660156,174.91826629638675,29.153044382731125,289.1656450430158
3622228,39.977414449056006,44.58997472127279,38.85110855102539,34.93341827392578,15.057921091715508,1.5084292093912766,0.0,0.0,0.0,0.0,13.311206817626951,27.513587951660156,174.91826629638675,29.153044382731125,289.1656450430158
3622247,39.977414449056006,44.58997472127279,38.85110855102539,34.93341827392578,15.057921091715508,1.5084292093912766,0.0,0.0,0.0,0.0,13.311206817626951,27.513587951660156,174.91826629638675,29.153044382731125,289.1656450430158
3623076,35.97879791259763,40.2835782368978,36.44689305623372,33.3390172322591,13.48874791463215,0.0814387003580729,0.0,0.0,0.0,0.0,13.084156036376967,24.637611389160135,159.61847305297846,26.603078842163075,258.5433575083105
3623486,39.977414449056006,44.58997472127279,38.85110855102539,34.93341827392578,15.057921091715508,1.5084292093912766,0.0,0.0,0.0,0.0,13.311206817626951,27.513587951660156,174.91826629638675,29.153044382731125,289.1656450430158
3624370,41.62983957926431,45.0844408671061,39.79210789998372,35.58429718017578,15.67600377400717,2.955799102783203,0.0,0.0,0.0,0.0,14.118498484293614,28.72704823811848,180.72248840332028,30.120414733886715,285.2683897673086
3624955,39.977414449056006,44.58997472127279,38.85110855102539,34.93341827392578,15.057921091715508,1.5084292093912766,0.0,0.0,0.0,0.0,13.311206817626951,27.513587951660156,174.91826629638675,29.153044382731125,289.1656450430158
3374333,21.972287495931,24.548959096272824,16.660678863525387,11.948310852050792,0.0,0.0,0.0,0.0,0.0,0.0,3.4841257731119737,5.910573323567706,75.13023630778001,12.521706051296668,113.00288566292018
11919554,1.1946970621744792,5.298915863037108,3.1539955139160187,0.0,0.0,0.0,0.0,0.0,0.0,0.0,0.0,0.0,9.647608439127604,1.607934739854601,4.78815466598586
3067696,0.0,0.0,0.0,0.0,0.0,0.0,0.0,0.0,0.0,0.0,0.0,0.0,0.0,0.0,0.0
2825297,0.0,0.0,0.0,0.0,0.0,0.0,0.0,0.0,0.0,0.0,0.0,0.0,0.0,0.0,0.0
2867714,0.0,0.0,0.0,0.0,0.0,0.0,0.0,0.0,0.0,0.0,0.0,0.0,0.0,0.0,0.0
2907911,0.0,0.0,0.0,0.0,0.0,0.0,0.0,0.0,0.0,0.0,0.0,0.0,0.0,0.0,0.0
2911298,0.0,0.0,0.0,0.0,0.0,0.0,0.0,0.0,0.0,0.0,0.0,0.0,0.0,0.0,0.0
2925533,0.0,0.0,0.0,0.0,0.0,0.0,0.0,0.0,0.0,0.0,0.0,0.0,0.0,0.0,0.0
2934246,0.0,0.0,0.0,0.0,0.0,0.0,0.0,0.0,0.0,0.0,0.0,0.0,0.0,0.0,0.0
2950159,0.0,0.0,0.0,0.0,0.0,0.0,0.0,0.0,0.0,0.0,0.0,0.0,0.0,0.0,0.0
220782,51.33499908447266,53.02364985148115,52.38081232706704,51.82851918538413,42.55629348754881,30.74933751424148,28.80777740478512,28.38706334431968,26.382433573404956,45.87959162394205,58.56495030721031,71.77839914957684,281.87361145019526,46.97893524169921,78.23444197379078
223817,44.11226145426437,40.13221104939779,46.189894358317005,44.66128285725916,32.230528513590514,19.52546056111654,21.645586649576813,19.59515253702799,24.35663604736328,41.815382639567055,45.30518468221027,60.19628651936851,226.8516387939454,37.80860646565757,105.5457485501383
225284,57.96740468343101,55.70284907023124,56.07164891560868,57.32314809163414,48.202289581298785,31.71808751424148,32.65502675374347,30.81650670369465,36.019477844238274,49.20966974894214,60.737069447835225,77.36384836832683,306.9854278564453,51.16423797607422,103.16456598613048
2618425,0.0,0.0,0.0,0.0,0.0,0.0,0.0,0.0,0.0,0.0,0.0,0.0,0.0,0.0,0.0
3575635,20.609982808430978,23.31027094523115,16.43615086873369,11.178860982259115,0.0,0.0,0.0,0.0,0.0,0.0,3.083002726236978,5.357688903808596,71.53526560465494,11.92254426744249,102.0743480579208
3492908,9.022824605305988,16.942757924397792,8.247186024983712,1.5266799926757797,0.0,0.0,0.0,0.0,0.0,0.0,0.0,0.5697949727376301,35.739448547363274,5.956574757893879,45.186108399062284
2508807,0.5009307861328125,1.1507059733072915,0.0,0.0,0.0,0.0,0.0,0.0,0.0,0.0,0.0,1.16012700398763,1.6516367594401042,0.2752727932400173,0.2240810450623502
3652462,53.01012929280601,58.71001052856445,53.29910659790045,44.74453481038413,46.196674346923864,32.90884272257488,18.593015034993496,29.300312042236367,35.28786977132163,42.7992693583171,46.47575759887695,57.33292388916016,288.8692982991538,48.14488304985897,81.87067403670241
358619,23.599484761556003,24.08224360148115,7.210320790608721,0.9676856994628906,2.251547495524089,0.0,0.0,0.0,1.044039408365885,0.0,0.0,16.383054097493513,58.11128234863285,9.685213724772142,126.41291123318716
359796,27.31302642822269,35.553353627522796,12.124708811442042,4.416177113850912,9.876078287760418,0.0,0.0,0.0,11.318363189697266,0.0,0.0,27.13769276936848,89.28334426879886,14.880557378133142,189.1009091876274
360502,43.017372131347656,31.521940867106093,13.977183024088552,22.12270863850911,12.962786356608069,4.011269887288413,1.4105923970540362,12.008621215820312,67.62494659423822,0.0,9.760266621907553,39.75162506103515,127.61326090494788,21.26887681749131,199.7672667358856
360630,27.47953033447269,38.24768956502279,4.839335123697916,0.6472918192545571,1.8607521057128904,0.0,0.0,0.0,4.614688873291016,0.0,0.0,27.879391988118513,73.07459894816085,12.179099824693475,271.0656117528223
361055,26.629351298014335,29.387663523356096,9.793654123942057,3.0084622701009125,7.090330759684248,0.0,0.0,0.0,7.664934794108066,0.0,0.0,22.65722401936848,75.90946197509764,12.651576995849608,153.52440232706778
361058,13.563879648844395,18.663298288981125,0.0920817057291666,0.0,0.0,0.0,0.0,6.979170481363926,5.368095397949219,0.0,0.0,13.59750366210936,32.31925964355469,5.386543273925781,71.64338450822011
343300,35.920773824055985,40.77299880981445,19.82240041097005,15.27842839558918,22.064802805582687,10.999388376871742,23.485801696777344,17.4436887105306,49.52032725016284,45.117710113525426,50.56519444783525,50.531491597493456,144.85879262288407,24.14313210381401,137.91889143546172
2510911,0.0,0.0,0.0,0.0,0.0,0.0,0.0,0.0,0.0,0.0,0.0,0.0,0.0,0.0,0.0
3109718,0.0,0.0,0.0,0.0,0.0,0.0,0.0,0.0,0.0,0.0,0.0,0.0,0.0,0.0,0.0
3117735,0.0,0.0,0.0,0.0,0.0,0.0,0.0,0.0,0.0,0.0,0.0,0.0,0.0,0.0,0.0
3128760,0.0,0.0,0.0,0.0,0.0,0.0,0.0,0.0,0.0,0.0,0.0,0.0,0.0,0.0,0.0
344979,56.024859110514235,60.81906000773101,38.50044123331706,28.96198272705078,51.589564005533894,35.00819524129231,37.99442545572916,37.90490595499674,40.80410003662109,40.88699722290039,62.101896921793674,72.65380605061853,270.90410232543934,45.15068372090656,162.87494455210998
658225,0.0,0.0,0.0,0.0,0.0,0.0,0.0,0.0,0.0,0.0,0.0,0.0,0.0,0.0,0.0
2973783,0.0,0.0,0.0,0.0,0.0,0.0,0.0,0.0,0.0,0.0,0.0,0.0,0.0,0.0,0.0
2988506,0.0,0.0,0.0,0.0,0.0,0.0,0.0,0.0,0.0,0.0,0.0,0.0,0.0,0.0,0.0
2990440,0.0,0.0,0.0,0.0,0.0,0.0,0.0,0.0,0.0,0.0,0.0,0.0,0.0,0.0,0.0
2996944,0.0,0.0,0.0,0.0,0.0,0.0,0.0,0.0,0.0,0.0,0.0,0.0,0.0,0.0,0.0
3031580,0.0,0.0,0.0,0.0,0.0,0.0,0.0,0.0,0.0,0.0,0.0,0.0,0.0,0.0,0.0
2399697,37.65570195515951,38.10893630981445,47.28982925415043,45.22134145100912,44.40045038859051,32.922993977864536,26.57846196492515,38.127541859944664,43.60297393798828,39.80219904581706,48.642831166585296,47.67065175374346,245.5992533365886,40.933208889431434,30.73971543559592
2643743,0.0,0.0,0.0,0.0,0.0,0.0,0.0,0.0,0.0,0.0,0.0,0.0,0.0,0.0,0.0
2650225,0.0,0.0,0.0,0.0,0.0,0.0,0.0,0.0,0.0,0.0,0.0,0.0,0.0,0.0,0.0
2655603,0.0,0.0,0.0,0.0,0.0,0.0,0.0,0.0,0.0,0.0,0.0,0.0,0.0,0.0,0.0
2655984,0.0,0.0,0.0,0.0,0.0,0.0,0.0,0.0,0.0,0.0,0.0,0.0,0.0,0.0,0.0
2657832,0.0,0.0,0.0,0.0,0.0,0.0,0.0,0.0,0.0,0.0,0.0,0.0,0.0,0.0,0.0
611717,0.0,0.0,0.0,0.0,0.0,0.0,0.0,0.0,0.0,0.0,0.0,0.0,0.0,0.0,0.0
2294877,43.50679270426434,44.34778722127277,41.182163238525376,36.60854848225912,16.30922317504883,4.234851837158207,0.0,0.0,0.0,0.0,14.630624135335292,29.776527404785153,186.18936665852863,31.031561109754776,280.3803310046286
2294915,55.807899475097656,55.200814565022675,58.95267105102531,51.74274444580078,38.95123163859049,20.27472813924154,6.970537821451809,5.475116729736328,5.049751281738281,22.604363759358733,42.315682729085275,45.70792388916016,280.93008931477846,46.82168155246307,217.80489323603783
2298893,55.54300689697272,54.166472117106096,59.820509592691955,52.38605499267578,38.43910598754883,18.874581654866535,7.800534566243486,3.6940294901529938,3.7088508605956982,20.853549957275387,39.00578689575195,44.71142323811847,279.2297312418619,46.53828854031031,236.1530685193113
2306104,55.54300689697272,54.166472117106096,59.820509592691955,52.38605499267578,38.43910598754883,18.874581654866535,7.800534566243486,3.6940294901529938,3.7088508605956982,20.853549957275387,39.00578689575195,44.71142323811847,279.2297312418619,46.53828854031031,236.1530685193113
2413876,25.034950256347656,28.025358835856167,20.66938654581706,17.955065409342453,0.7088241577148438,0.0,0.0,0.0,0.0,0.0,7.155607859293624,9.619463602701822,92.39358520507818,15.39893086751303,147.90347735247173
2422465,43.50679270426434,44.34778722127277,41.182163238525376,36.60854848225912,16.30922317504883,4.234851837158207,0.0,0.0,0.0,0.0,14.630624135335292,29.776527404785153,186.18936665852863,31.031561109754776,280.3803310046286
2309527,58.09606679280609,44.209033966064446,52.11087417602538,59.28839874267578,41.269672393798814,8.49583816528321,6.150632222493488,9.559508005777996,32.65155792236328,46.80797704060873,51.665129343668546,49.388669331868456,263.46988423665374,43.911647372775626,353.243513908621
264371,0.0,0.0,0.0,0.0,0.0,0.0,0.0,0.0,0.0,0.0,0.0,0.0,0.0,0.0,0.0
734077,0.0,0.0,0.0,0.0,0.0,0.0,0.0,0.0,0.0,0.0,0.0,0.0,0.0,0.0,0.0
3598132,23.26395416259762,26.635303497314453,17.755568186442073,14.004381815592442,0.0,0.0,0.0,0.0,0.0,0.0,4.439473470052082,7.707191467285156,81.65920766194658,13.609867943657765,130.1325669341931
2374688,32.05586496988929,33.11381912231442,31.295363108317073,29.51951853434242,11.624408721923826,0.0,0.0,0.0,0.0,0.0,11.51750564575196,15.898679097493474,137.60897445678702,22.93482907613117,190.7987584080316
2374775,31.147661844889296,32.68494542439781,29.54707209269207,28.24803415934246,11.4326769510905,0.0,0.0,0.0,0.0,0.0,11.126473744710283,15.033363342285176,133.06039047241217,22.176731745402027,177.86498314808435
3378644,55.0788141886393,47.35242589314776,54.82034683227533,49.13418324788409,32.18007278442379,14.661528269449864,6.284339904785151,0.4147618611653649,2.523732503255208,15.08898289998373,28.51856358846031,43.68717193603515,253.22737121582017,42.204561869303355,251.70672815357585
3600949,24.32352447509768,27.462777455647807,19.314650217692055,16.2849807739258,0.0510075887044271,0.0,0.0,0.0,0.0,0.0,5.419930775960285,8.279863993326817,87.43694051106775,14.572823418511293,141.97876155189522
3186886,0.0,0.0,0.0,0.0,0.0,0.0,0.0,0.0,0.0,0.0,0.0,0.0,0.0,0.0,0.0
3190261,0.0,0.0,0.0,0.0,0.0,0.0,0.0,0.0,0.0,0.0,0.0,0.0,0.0,0.0,0.0
3191648,0.0,0.0,0.0,0.0,0.0,0.0,0.0,0.0,0.0,0.0,0.0,0.0,0.0,0.0,0.0
3718426,9.022824605305988,16.942757924397792,8.247186024983712,1.5266799926757797,0.0,0.0,0.0,0.0,0.0,0.0,0.0,0.5697949727376301,35.739448547363274,5.956574757893879,45.186108399062284
721472,0.0,0.0,0.0,0.0,0.0,0.0,0.0,0.0,0.0,0.0,0.0,0.0,0.0,0.0,0.0
3044310,0.0,0.0,0.0,0.0,0.0,0.0,0.0,0.0,0.0,0.0,0.0,0.0,0.0,0.0,0.0
1214520,55.035926818847656,51.9085782368978,55.36526870727539,66.70034535725907,67.77406692504883,47.40729649861651,62.53995513916007,54.195168813069685,33.40082550048829,39.07059097290038,50.1514574686686,50.400306701660206,344.19148254394526,57.36524709065754,66.76985028554131
1622786,47.4221572875977,49.37822341918945,50.662794748942034,59.07396189371735,68.68983840942377,62.55662918090829,67.43920644124351,65.92612584431969,63.25548044840475,66.1249529520671,61.70329666137695,59.62361399332688,337.78360493977857,56.2972674899631,71.77069792210452
1625812,38.88000233968099,38.74215571085612,44.06066258748368,60.350491841634145,69.11114374796549,62.637358347574846,63.89469146728516,65.3711128234864,52.40497589111328,60.052605946858755,56.54419835408538,53.8136367797851,313.78181457519526,52.29696909586587,177.21681109276062
1625822,46.65018463134758,45.4098803202311,42.93802261352539,63.64777374267578,70.10512161254883,69.2748095194498,67.24495188395179,69.00392532348633,53.835395812988274,60.72114435831695,57.08912022908524,55.92520904541015,338.02579243977846,56.33763207329641,160.63288594092188
1633070,39.059120178222656,36.15377680460611,54.20226414998368,61.7985712687175,65.39507929484046,62.84674962361657,70.5018692016602,64.78582636515306,57.16295115152985,58.125197092692034,54.36955642700202,49.43912506103511,319.45556131998694,53.242593553331155,161.4494041388343
1633419,42.477495829264335,44.15353266398114,52.79202651977546,47.41112009684239,69.12880325317377,49.87458165486655,57.40356190999351,53.68052037556962,67.28941599528,44.72667821248373,48.66805903116865,44.41121164957684,305.8375600179036,50.972926669650604,93.10285727655936
1636544,46.400428771972656,52.019580841064446,46.76761245727539,56.99770863850907,56.439187367757185,57.6220588684082,54.19962310791016,46.67221959431967,50.24547068277993,61.65205256144211,60.36117426554368,65.13842519124344,316.24657694498694,52.70776282416449,26.403782698812556
1642911,34.61901601155598,37.54130935668945,49.65872573852544,65.74168650309242,64.8324979146322,61.12873204549148,65.71362050374351,60.91082636515305,54.48879750569663,53.5412940979004,54.402352650960246,51.14957427978515,313.52196756998694,52.25366126166449,190.6177079831253
1645528,48.882850646972706,52.84200922648116,44.842726389567105,59.1673049926757,70.11268997192386,71.0634651184082,65.85994211832686,70.25522740681967,50.58100128173833,64.33125178019203,66.10808181762695,55.13557688395186,346.91104634602874,57.818507724338126,120.2754947059788
1650213,26.32519785563152,35.939339955647796,20.11504364013672,23.001308441162124,45.86362711588541,38.91350809733073,49.41184743245444,49.98463821411133,31.26512908935551,50.02957534790039,48.15845616658535,28.45458730061848,190.15802510579428,31.69300418429905,101.87633770917408
1650357,35.46162668863929,34.980681101481125,48.98514175415039,64.02114613850915,65.2563260396322,61.1564826965332,64.56827545166024,61.47340774536133,56.27997589111321,56.86380386352539,53.00472895304365,51.0032526652018,309.86140441894537,51.64356740315756,195.11628450915248
1650527,42.49010976155601,46.9361661275228,44.72920099894205,37.86741892496745,57.271706899007185,61.8754768371582,58.73559315999351,68.38331985473633,49.01435089111328,72.08125178019205,61.48885981241859,68.76366933186856,291.17007954915374,48.528346591525626,84.3352927700621
2963398,0.0,0.0,0.0,0.0,0.0,0.0,0.0,0.0,0.0,0.0,0.0,0.0,0.0,0.0,0.0
2964574,0.0,0.0,0.0,0.0,0.0,0.0,0.0,0.0,0.0,0.0,0.0,0.0,0.0,0.0,0.0
2965367,0.0,0.0,0.0,0.0,0.0,0.0,0.0,0.0,0.0,0.0,0.0,0.0,0.0,0.0,0.0
281184,11.24539947509765,32.251026153564496,5.974155426025391,0.0,0.0,0.0,0.0,0.0,0.0,0.0,0.0,6.337318420410149,49.470581054687536,8.245096842447923,158.8776997437336
1252926,38.75638580322265,37.21839269002279,36.03063329060873,35.39256540934245,23.07281366984048,0.0,8.332842508951826,0.383227030436198,2.892768859863281,21.052850087483723,34.63127517700193,49.867998758951806,170.4707908630371,28.41179847717285,225.41587818643492
1253102,40.68884023030599,33.214730580647775,35.23090998331704,33.13467152913414,27.278298695882185,17.923491160074867,4.755531311035156,0.6241925557454429,8.695177714029942,24.61502456665037,33.188241322835275,45.03686269124347,187.47094217936203,31.245157029893672,61.144322119870935
1253184,35.61803944905601,33.6335131327311,42.622674306233726,36.59341176350912,31.854633331298828,19.36652501424154,11.879880269368494,3.358341217041016,17.577908833821617,31.005242665608662,38.25904210408529,48.838701883951806,199.6887969970703,33.28146616617839,59.89442082579742
1253405,12.988644917805996,17.659229278564464,13.413852691650408,4.9659080505371085,0.0,0.0,0.0,0.0,0.0,0.0,13.354094187418614,30.462725321451796,49.02763493855797,8.171272489759662,56.90535954040472
1253914,26.93713124593101,25.005583445231103,31.01785659790039,24.907864888509103,16.48077265421549,0.0,0.0,0.0,0.0,2.4602292378743487,19.951180775960285,44.12865956624349,124.3492088317871,20.724868138631184,125.57846310542068
1254163,51.451047261556006,39.498991648356125,56.089308420817105,56.31907908121756,45.24306106567383,43.34561030069986,41.37377675374348,43.412779490153014,52.48822784423828,54.926303863525455,51.2614835103353,58.68009185791015,291.9470977783205,48.65784962972008,49.09766332629679
1254360,49.566525777181056,40.80074946085611,44.69892756144205,41.63393910725912,40.805479685465485,26.463123321533203,21.378171284993485,15.324075063069648,31.884630839029963,41.92386245727538,39.71973546346029,52.45637766520174,243.96874491373703,40.66145748562284,59.635992815687665
1255364,28.708127339681013,36.09070714314779,32.04715347290035,29.337877909342424,20.123676300048828,0.0986646016438801,0.7603441874186203,0.0,2.3132769266764317,12.07425308227538,34.80282465616865,47.15348052978515,146.4062067667643,24.401034461127384,169.3872058553838
1255634,8.303160349527989,0.8473409016927087,0.0,0.0,0.0,0.0,0.0,0.0,0.0,0.0,0.0,0.0,9.150501251220698,1.5250835418701163,11.141035907111318
1256237,12.41597239176432,7.222461700439462,0.0189208984375,2.794340769449871,0.0,0.0,0.0,0.0,0.0,0.0,0.0,6.001787821451825,22.45169576009115,3.7419492933485254,26.023182939925373
1256523,0.183099110921224,7.0963223775227835,3.126836140950522,0.0,0.0,0.0,0.0,0.0,0.0,0.0,10.20565668741862,9.061927795410153,10.40625762939453,1.734376271565755,8.424010902856626
1258526,17.47920481363934,24.379932403564432,16.06530125935871,8.754463195800788,10.23435338338216,0.0,0.0,0.0,0.0,0.1711552937825521,17.120614369710278,24.758705139160156,76.91325505574541,12.818875842624236,70.68775145687218
1258847,37.99702707926432,35.53064854939778,37.71585464477538,20.15745798746745,22.7171007792155,0.0,7.485186258951817,0.0,1.7738736470540355,19.718296051025387,31.059009552001953,49.678789774576806,154.11808904012042,25.686348173353405,218.4691260444255
1258980,28.281776428222656,37.86422602335612,26.28763198852539,16.264798482259117,14.974669138590508,4.996733347574868,0.0,0.0,0.5539487202962241,10.116570790608728,29.21485265096031,36.63346099853514,128.66983540852866,21.444972568088108,135.80574495942474
1259148,28.153114318847656,25.661507924397803,22.803663889567044,17.450508117675756,3.695290883382163,0.0,0.0,0.0,0.0,0.8371709187825513,21.121753692626953,30.762936909993517,97.7640851338704,16.2940141889784,139.26478790529555
1259184,26.561236063639335,29.586963653564418,23.84305191040039,18.47475941975911,16.87937291463218,13.59230041503908,0.0,0.0,0.8974812825520837,10.631219228108726,34.00057856241866,37.11783599853515,128.93768437703451,21.489614062839085,37.90766492620079
1259229,37.356239318847656,39.63774490356445,38.369256337483726,31.045804341634145,26.107725779215475,7.625476837158192,13.935951232910156,6.388207753499353,13.697863260904958,22.029168446858748,37.222176869710296,48.162595113118456,180.14224751790368,30.023707919650615,146.7808510174877
1259395,39.20291900634766,40.745248158772775,37.39293797810872,29.87018585205078,23.01226679484052,0.0,9.394935607910156,0.4864247639973962,3.3482894897460938,22.32938003540039,33.73568598429363,49.487058003743506,170.22355779012045,28.370592965020077,237.54501430496217
1260086,7.5444717407226465,18.08810297648111,11.418328603108726,1.9944597880045585,0.0,0.0,0.0,0.0,0.0,0.0,16.626148223876953,22.30403391520183,39.04536310831704,6.50756051805284,52.87291153843291
1260107,21.828488667806,11.975391387939466,1.6573918660481763,7.654528299967452,0.0,0.0,0.0,0.0,0.0,0.0,0.0521901448567708,8.178952534993487,43.1158002217611,7.18596670362685,74.28059258274251
1260476,18.152788798014324,16.029509226481093,9.064568837483726,9.10260772705078,0.0,0.0,0.0,0.0,0.0,0.0,2.5700492858886728,19.720700581868492,52.34947458902992,8.724912431504988,58.94964024092417
1260607,36.523719787597656,43.82304763793949,42.98595555623373,39.86546579996746,42.08705520629885,24.825834910074853,23.045733133951828,8.744647979736333,18.879666646321613,32.254021962483705,45.51962153116861,53.85147857666022,230.11107889811203,38.35184648301867,50.789374581818194
1261529,46.73091379801427,42.778614044189474,40.064568837483726,40.28677113850911,34.07216262817383,22.35854975382486,21.219235738118492,11.224547068278,27.49245961507164,38.016066233317055,40.277271270751946,46.984453837076856,226.29158020019528,37.71526336669921,73.63043943546677
1261731,29.253049214680978,35.75265375773114,32.11779149373375,28.248034159342424,17.44447708129884,4.681385040283203,4.52777099609375,1.709700266520183,6.763393402099617,17.41499201456704,34.527840932210275,48.13736724853507,147.4973907470703,24.58289845784505,132.76177407642186
1261977,32.68908437093097,35.028614044189474,34.20665868123374,24.438626607259103,24.23077265421548,7.67242431640625,6.292814890543616,1.721841176350913,8.738065083821612,15.053663889567051,35.062671661376974,46.75488026936854,158.26618067423502,26.37769677903917,106.8442243119492
1262180,29.901405334472656,35.99988683064778,35.521030426025405,18.981839497884113,21.801329294840496,2.4370511372884116,0.9575551350911464,0.0,2.0545336405436183,6.814243316650391,31.37435785929363,38.97460683186849,144.64254252115887,24.107090420193146,161.29321042991086
1262321,47.85103098551431,45.08444086710614,44.681268056233705,45.81924184163413,47.967670440673785,35.09609858194986,33.41438547770177,26.416767120361328,39.41767120361328,45.22114435831705,44.77792231241867,57.72900136311859,266.49975077311194,44.41662512885199,22.752125777728843
1263364,20.736122131347663,11.596973419189451,10.389031728108716,10.172269185384115,0.0,0.0,0.0,0.0,0.0,0.0,13.250659942626935,31.49706776936847,52.894396464029946,8.815732744004992,61.91614625535745
1263780,46.04723866780596,39.97579828898111,46.33621597290043,43.42259470621741,44.69561640421548,35.898344675699875,33.49511464436848,23.063983917236328,27.62616729736328,44.64090347290042,50.05559158325195,57.032712300618506,256.37580871582026,42.72930145263671,16.52186798103956
1264521,49.561480204264306,43.07882563273109,49.59565607706709,53.170641581217424,46.21181106567376,43.50202306111651,38.32120513916016,36.856057484944664,48.46942901611324,50.7208188374838,46.91472244262699,58.52620188395188,285.1204376220702,47.5200729370117,15.597053310382533
1264527,49.051877339681006,41.21448644002279,36.70421727498372,43.77326202392579,41.68340937296547,36.96296056111653,26.300127665201803,17.824156443277992,36.256619771321624,46.649041493733776,39.03353754679362,55.11034901936851,249.3902130126953,41.56503550211588,21.17452193807378
1264728,20.375363667805985,9.57369867960612,0.3468043009440105,1.8645362854003908,0.0,0.0,0.0,0.0,0.0,0.0,0.0,7.618893941243486,32.16040293375651,5.360067155626084,67.60520006180784
1264733,14.984169006347656,19.25363032023112,12.649448394775405,4.682685852050782,0.059521993001302,0.0,0.0,0.0,0.0,0.0,10.362069447835292,30.606524149576796,51.62945556640627,8.604909261067712,66.58009106407863
1266366,0.0,6.326872507731122,1.9787317911783864,0.0,0.0,0.0,0.0,0.0,0.0,0.0,3.22013982137044,4.914466857910155,8.305604298909508,1.3842673831515846,6.48950362043198
1269300,17.670936584472656,22.17501703898114,19.629998524983723,13.315661112467474,7.855365753173828,0.6133130391438801,0.0,0.0,0.0,0.6630986531575522,15.826424916585294,23.661293029785114,81.2602920532227,13.54338200887045,65.636159995089
1269515,24.946652730305985,25.742237091064453,19.110304514567055,16.481758117675785,0.5163828531901044,0.0,0.0,0.0,0.0,0.2318204243977865,18.03638585408529,33.19490305582683,86.79733530680339,14.466222551133898,133.29748480911408
1269633,25.03242746988936,25.600961049397775,30.44518407185875,15.982246398925758,7.138342539469386,0.0,0.0,0.0,0.0,2.1496111551920563,15.677580515543632,37.19351959228517,104.19916152954104,17.36652692159017,141.15029102285834
1269655,0.0,1.6129277547200531,1.7408409118652344,0.0,0.0,0.0,0.0,0.0,0.0,0.0,3.1974347432454437,1.3877690633138018,3.3537686665852875,0.5589614444308812,0.751487128841702
1269743,28.884722391764296,25.492481231689425,30.06928888956703,23.830635070800785,20.136290232340492,0.0,0.0,0.0,0.0,4.677443186442058,21.01579666137696,46.651446024576806,128.41341781616202,21.40223630269367,122.67819219645294
1269771,0.7719332377115883,11.443083445231109,4.846391042073567,0.1351267496744791,0.0,0.0,0.0,0.0,0.0,0.0,4.3845240275065125,9.697669982910154,17.196534474690743,2.866089079115124,21.151801074527352
1269843,36.85925038655599,36.97368240356445,42.53185399373371,37.11562856038413,34.6296984354655,20.383207956949867,13.865313212076837,3.8627014160156303,11.959663391113285,26.267449696858744,39.10417556762695,49.30037180582676,208.49332173665368,34.74888695610894,56.39326586641621
1270022,22.33304595947267,18.16883214314779,12.467807769775378,12.465482076009106,0.0,0.0,0.0,0.0,0.0,0.0,0.8439903259277344,14.627194722493476,65.43516794840494,10.905861324734156,85.21580196783616
1270351,15.854530334472678,7.507536570231123,4.450392405192059,0.0,0.0,0.0,0.0,0.0,0.0,0.0,0.0779304504394531,14.402666727701837,27.81245930989586,4.635409884982644,39.72261624589887
1271476,0.0,4.634082794189454,3.6027361551920554,0.0275929768880208,0.0,0.0,0.0,0.0,0.0,0.0,8.255542755126953,8.166338602701826,8.264411926269531,1.3774019877115886,4.61435502103866
1273099,39.94714101155597,39.842090606689446,38.74262873331706,33.31126658121746,27.05124791463215,8.965076446533205,16.4663060506185,8.479755401611328,15.92548370361326,24.57465998331709,40.44125239054362,49.676266988118506,187.85945129394528,31.30990854899088,144.81567813508178
1273294,20.304725646972663,16.8923021952311,10.48742039998372,10.333727518717447,0.0,0.0,0.0,0.0,0.0,0.0,6.837736765543622,25.38687896728516,58.01817576090493,9.669695960150822,70.67710967207782
1273313,13.876665751139337,7.366260528564443,3.0123252868652375,0.0,0.0,0.0,0.0,0.0,0.0,0.0,0.0,10.792559305826828,24.255251566569015,4.042541927761502,31.568975750231907
1273865,48.640663146972706,52.2718594868978,45.42044448852538,50.63776397705078,49.00201288859048,40.24006017049154,40.31925201416016,31.492613474527925,47.31903839111328,50.080031077067034,49.0187263488769,58.13769276936844,286.2128041585287,47.70213402642145,18.59189786725828
1273874,51.461138407389306,39.20887120564779,48.48563003540039,52.79222361246749,46.832416534423864,43.4086799621582,42.12052154541014,35.968036651611314,49.59963734944663,54.0231463114421,48.89510981241865,57.9358698527018,282.18895975748705,47.03149329291451,25.856021525224943
1274056,44.99775950113934,40.34917068481446,46.58849461873373,37.71100616455078,41.209125518798814,32.08389155069984,25.043780008951828,15.049091339111328,22.62852732340494,40.397576649983726,44.71232986450198,55.29703521728509,242.93944803873697,40.489908006456155,27.286794538144612
1274746,19.11901601155599,9.989958445231116,0.3681297302246094,4.021715799967457,0.0,0.0,0.0,0.0,0.0,0.0,0.0,6.40795644124348,33.49881998697917,5.583136664496529,58.92345407497787
1275004,13.851437886555978,22.447477976481142,20.558383941650384,10.14704132080078,4.259015401204429,3.0245844523112,0.0,0.0,0.0,0.5054244995117188,15.306730906168614,23.540199279785135,74.2879409790039,12.38132349650065,65.77309820698709
1275339,36.42280832926431,39.27446365356446,34.004835764567076,30.382311503092502,21.261452992757157,7.885323842366543,12.70735422770182,4.3484166463216125,11.28935114542643,21.29251480102538,38.73332595825196,49.509763081868506,169.23119608561203,28.205199347602004,137.90925270920252
1275389,11.053667704264328,19.78593826293946,12.929477691650376,2.154065450032553,0.0747769673665364,0.0,0.0,0.0,0.0,0.0,19.002613067626953,24.41560618082678,45.99792607625326,7.666321012708877,66.56980767569908
1275817,24.90881093343101,28.244841257731096,21.79202651977539,18.80524444580078,9.669249216715494,12.597888946533203,0.0,0.0,0.0927518208821614,7.470167795817061,31.45256423950195,34.97346750895183,116.01806131998698,19.336343553331165,51.117130509236596
1275841,25.489051818847656,27.01119867960613,29.02737808227535,22.897204081217435,13.529112497965489,0.0,0.0,0.0,0.0,1.7084388732910154,15.359709421793632,41.69669342041014,117.95394515991208,19.658990859985344,122.06972099720385
1276533,38.408241271972656,43.02332433064779,41.747267405192034,39.782213846842446,41.55222447713216,23.4509162902832,22.488197326660156,8.905593872070318,18.274197896321617,30.450229644775433,44.094247182210296,52.40844472249345,227.9641876220703,37.994031270345054,53.382533848558616
1277333,47.467567443847656,40.03129959106446,47.06277847290043,39.37099965413411,44.56947708129882,30.80231602986652,29.83202870686848,18.568378448486328,33.98106638590496,41.94656753540038,42.023039499918646,55.771319071451806,249.304438273112,41.55073971218533,39.41855473329061
1278314,13.05676015218101,18.938282012939453,13.19437026977539,7.853828430175781,2.5726114908854165,0.0,0.0,0.0,0.0,0.0,13.608895619710292,18.31550852457682,55.61585235595705,9.269308725992842,51.20187268724228
1278718,33.675493876139306,35.89140701293943,33.64407730102539,23.96686553955078,21.86944452921549,1.3416887919108076,0.7987772623697923,0.0,2.922175089518229,8.04284032185873,29.197193145751953,43.49039459228513,150.3889770507812,25.064829508463532,167.8330458998717
1278994,13.571408589681011,17.300993601481117,14.518833160400373,6.741279602050781,0.0281054178873698,0.0,0.0,0.0,0.0,0.0173835754394531,12.574553171793616,30.28108469645184,52.16062037150065,8.69343672858344,57.25892294206773
1279186,6.545448303222648,14.793343861897776,11.153436024983726,3.624179840087886,0.0,3.7669932047526022,0.0,0.0,0.0,0.0,6.589124043782558,14.511146545410154,39.883401234944635,6.6472335391574395,29.65913724865362
1279233,34.303667704264306,37.29912185668946,35.21829605102537,25.377103169759103,21.079812367757157,0.0,0.2542495727539062,0.0,0.7793833414713539,9.518670399983725,27.007414499918664,41.156817118326806,153.27800114949537,25.546333524915894,196.1918802666835
1279259,20.37536366780599,10.966276804606125,11.577264149983728,10.094732920328775,0.0356737772623697,0.0,0.0,0.0,0.0,0.0,13.243091583251935,32.46077219645184,53.049311319986984,8.841551886664497,60.46287670255191
111822,0.0,7.477263132731113,3.37568537394206,0.0,0.0,0.0,0.0,0.0,0.0,0.0,3.633009592692056,0.0,10.852948506673172,1.808824751112195,9.534726763705937
112931,0.0,0.0,0.0,0.0,0.0,0.0,0.0,0.0,0.0,0.0,0.0,0.0,0.0,0.0,0.0
113646,0.0,0.0,0.0,0.0,0.0,0.0,0.0,0.0,0.0,0.0,0.0,0.0,0.0,0.0,0.0
115019,0.0,27.962289174397775,18.68143081665039,0.0,0.0,0.0,0.0,0.0,0.0,0.0,14.543193817138691,0.0,46.64371999104817,7.773953331841362,153.65587415921073
118743,0.0,0.0,0.0,0.0,0.0,0.0,0.0,0.0,0.0,0.0,0.0,0.0,0.0,0.0,0.0
124665,0.0,0.0,0.0,0.0,0.0,0.0,0.0,0.0,0.0,0.0,0.0,0.0,0.0,0.0,0.0
132892,0.0,0.0,0.0,0.0,0.0,0.0,0.0,0.0,0.0,0.0,0.0,0.0,0.0,0.0,0.0
141681,16.94437408447266,37.56401443481445,19.42060724894206,10.121813456217446,0.0,0.0,0.0,0.0,0.0,1.341728210449219,26.394377390543628,9.288978576660156,84.05080922444662,14.008468204074438,200.07099971724716
418863,0.0,15.429086049397752,0.0,0.0,0.0,0.0,0.0,0.0,0.0,0.0,1.274480183919271,0.0,15.429086049397752,2.571514341566292,39.67611605328672
2523920,0.0,0.0,0.0,0.0,0.0,0.0,0.0,0.0,0.0,0.0,0.0,0.0,0.0,0.0,0.0
3164603,0.0,0.0,0.0,0.0,0.0,0.0,0.0,0.0,0.0,0.0,0.0,0.0,0.0,0.0,0.0
3165523,0.0,0.0,0.0,0.0,0.0,0.0,0.0,0.0,0.0,0.0,0.0,0.0,0.0,0.0,0.0
3169070,0.0,0.0,0.0,0.0,0.0,0.0,0.0,0.0,0.0,0.0,0.0,0.0,0.0,0.0,0.0
3172391,0.0,0.0,0.0,0.0,0.0,0.0,0.0,0.0,0.0,0.0,0.0,0.0,0.0,0.0,0.0
3173435,0.0,0.0,0.0,0.0,0.0,0.0,0.0,0.0,0.0,0.0,0.0,0.0,0.0,0.0,0.0
3489854,11.010780334472663,18.817188262939457,10.36632664998372,1.9202346801757812,0.0,0.0,0.0,0.0,0.0,0.0,0.0,0.9784863789876308,42.114529927571624,7.019088321261937,58.17325639359491
250441,8.684771219889324,27.091927846272775,6.101950327555334,0.0,0.0,0.0,0.0,0.0,0.0,0.0,0.0,3.153561909993487,41.87864939371744,6.979774898952907,110.86561150582052
1848354,5.103518168131511,0.0,0.0,0.0,0.0,0.0,0.0,0.0,31.700546264648395,0.0,9.17367935180664,4.720921834309896,5.103518168131511,0.8505863613552518,4.340982948741401
1849927,0.0,0.0,0.0,0.0,0.0,0.0,0.0,0.0,0.4256807963053387,0.0,0.0,0.0,0.0,0.0,0.0
1850147,3.340090433756513,0.0,0.0,0.0,0.0,0.0,0.0,0.0,31.404788970947266,0.0,7.962741851806641,3.4670969645182277,3.340090433756513,0.5566817389594189,1.8593673509452948
1852225,0.0,0.0,0.0,0.0,0.0,0.0,0.0,0.0,0.0,0.0,0.0,0.0,0.0,0.0,0.0
1853909,0.0,0.0,0.0,0.0,0.0,0.0,0.0,0.0,9.83259963989258,0.0,0.0,0.0,0.0,0.0,0.0
1856057,0.0,0.0,0.0,0.0,0.0,0.0,0.0,0.0,0.0,0.0,0.0,0.0,0.0,0.0,0.0
1857516,0.0,0.0,0.0,0.0,0.0,0.0,0.0,0.0,0.0,0.0,0.0,0.0,0.0,0.0,0.0
1860827,0.0,0.0,0.0,0.0,0.0,0.0,0.0,0.0,16.280841827392578,0.0,0.0,0.0,0.0,0.0,0.0
2128295,0.0,0.0,0.0,0.0,0.0,0.0,0.0,0.0,0.0,0.0,0.0,0.0,0.0,0.0,0.0
178440,72.45829010009766,79.11178461710612,83.38838068644203,38.28872426350911,46.80718866984052,45.0207405090332,38.06388092041016,49.58351516723633,57.76085154215493,64.24043146769203,55.20712153116859,76.52880605061848,365.0751088460286,60.845851474338104,386.60016921995634
184745,31.14620335896804,20.39164352416992,21.394766489664704,3.6736106872558594,21.058211008707676,11.579629262288416,19.403814951578777,19.877192179361984,31.89219919840492,9.250663757324215,15.604813893636075,20.538753509521477,109.24406433105462,18.20734405517577,89.12567148037003
186301,54.33128102620439,53.0471827189128,31.031810760498047,16.48715845743814,26.08864720662437,7.111774444580079,17.22929128011068,15.505360921223945,25.44900258382163,15.644074757893868,28.885353088378903,35.028732299804666,188.0978546142578,31.349642435709637,367.01714583587346
191245,23.121219635009787,8.224165598551426,9.172654469807942,0.0,7.116307576497394,7.480101267496748,11.971804300944015,10.72550837198893,16.874051411946603,17.407739003499355,11.497717539469408,1.8542874654134107,55.114448547363295,9.185741424560549,57.33839252144821
1528675,0.0,0.0,0.0,0.0,0.0,0.0,0.0,0.0,0.0,0.0,0.0,0.0,0.0,0.0,0.0
1821306,41.48099517822264,61.25297927856437,48.75052261352544,49.26284535725908,49.57973098754883,43.562569936116546,35.735349019368485,35.06235631306968,38.66840362548828,48.48058446248379,49.2432543436686,59.18212636311843,293.88964335123694,48.981607225206155,47.3403930623188
921772,26.07686106363933,31.791879018147817,57.19933446248368,80.10390981038412,105.71425247192384,103.92780431111672,104.17350006103504,118.74822870890304,91.2659784952799,57.0580584208171,48.6352628072103,36.58805084228515,404.81404113769554,67.46900685628259,1208.6433703773823
1833747,0.0,0.0,0.0,0.0,0.0,0.0,0.0,0.0,0.0,0.0,0.0,0.0,0.0,0.0,0.0
1835848,0.0,0.0,0.0,0.0,0.0,0.0,0.0,0.0,0.0,0.0,0.0,0.0,0.0,0.0,0.0
1843137,0.0,0.0,0.0,0.0,0.0,0.0,0.0,0.0,0.0,0.0,0.0,0.0,0.0,0.0,0.0
1846677,0.0,0.0,0.0,0.0,0.0,0.0,0.0,0.0,0.0,0.0,0.0,0.0,0.0,0.0,0.0
6811692,0.0,0.0,0.0,0.0,0.0,0.0,0.0,0.0,0.0,0.0,0.0,0.0,0.0,0.0,0.0
11982755,0.0,0.0,0.0,0.0,0.0,0.0,0.0,0.0,0.0,0.0,0.0,0.0,0.0,0.0,0.0
1526041,0.0,0.0,0.0,0.0,0.0,0.0,0.0,0.0,0.0,0.0,0.0,0.0,0.0,0.0,0.0
1651944,27.53250885009769,30.598601023356174,31.429070790608662,29.5851109822591,26.337299346923825,12.633207956949864,5.878171284993488,13.109068552652989,2.897144317626953,11.346586863199876,18.182707468668625,34.88769276936848,158.1157989501953,26.352633158365887,48.77246893150085
276781,1.5353520711263016,9.28610102335612,2.467206319173177,0.0,0.0,0.0,0.0,0.0,0.0,0.0,0.0,0.0,13.288659413655598,2.2147765689426,13.048934743526504
3576812,24.32352447509768,27.462777455647807,19.314650217692055,16.2849807739258,0.0510075887044271,0.0,0.0,0.0,0.0,0.0,5.419930775960285,8.279863993326817,87.43694051106775,14.572823418511293,141.97876155189522
1226260,51.86982981363924,46.77723058064779,50.93777847290045,49.43944040934248,53.61618932088212,47.5763231913249,44.87792714436847,41.94451777140301,50.12437693277993,48.79088719685879,47.99195226033525,58.3596979777018,300.216791788737,50.0361319647895,6.803872629058735
1241622,43.40840403238931,41.34314854939781,41.169549306233726,48.71035512288413,55.583962758382114,53.22736485799149,48.55362701416016,48.85190709431963,52.02655792236334,47.52444839477539,47.31836827596025,60.6453425089518,283.44278462727857,47.240464104546426,38.78731033318792
1242833,51.145790100097656,56.656462351481174,48.46797053019209,54.07379913330078,49.46116002400713,47.750395456949896,42.00195058186848,39.60841751098632,47.82864125569663,50.594679514566984,44.58619054158527,55.74356842041023,307.55557759602874,51.259262932671454,12.080177996649596
1248991,42.389198303222656,40.53585688273112,40.74572118123371,51.10700225830078,55.5284614562989,55.41714350382485,49.133867899576856,52.26271438598633,53.59825388590493,47.1788266499837,48.01718012491869,61.38451894124352,285.723383585612,47.62056393093533,52.060094328277046
2274895,55.7145563761393,50.2208340962727,57.562615712483606,50.55955759684259,35.03838984171552,16.38459142049154,7.628985087076817,1.2738889058430989,3.103382110595703,17.672316233317062,31.581226348876996,43.88899485270181,265.4805450439452,44.2467575073242,249.09157216232583
932505,0.0,18.484338124593098,0.0,9.833427429199215,115.2655220031737,82.55980300903323,104.26179758707686,110.9301134745279,80.89228057861328,33.52944819132485,0.5465380350748699,0.0,226.14309056599924,37.69051509433321,2403.43582360143
598316,0.0,0.0,0.0,0.0,0.0,0.0,0.0,0.0,0.0,0.0,0.0,0.0,0.0,0.0,0.0
2210247,0.0,0.0,0.0,0.0,0.0,0.0,0.0,0.0,0.0,0.0,0.0,0.0,0.0,0.0,0.0
2530335,0.0,0.0,0.0,0.0,0.0,0.0,0.0,0.0,0.0,0.0,0.0,0.0,0.0,0.0,0.0
2534515,2.0308825174967433,0.0,0.0,0.0,0.0,0.0,0.0,0.0,0.0,0.0,0.0,0.0,2.0308825174967433,0.3384804195827905,0.6874139666456515
2538475,0.0,0.0,0.0,0.0,0.0,0.0,0.0,0.0,0.0,0.0,0.0,0.0,0.0,0.0,0.0
2546917,0.0,0.0,0.0,0.0,0.0,0.0,0.0,0.0,0.0,0.0,0.0,0.0,0.0,0.0,0.0
2553604,0.0,0.0,0.0,0.0,0.0,0.0,0.0,0.0,0.0,0.0,0.0,0.0,0.0,0.0,0.0
618426,0.0,0.0,0.0,0.0,0.0,0.0,0.0,0.0,0.0,0.0,0.0,0.0,0.0,0.0,0.0
3193044,0.0,0.0,0.0,0.0,0.0,0.0,0.0,0.0,0.0,0.0,0.0,0.0,0.0,0.0,0.0
1069129,25.960812886555978,33.835336049397775,57.16906102498375,75.62091827392578,93.5115343729656,106.52375157674174,99.95287831624356,100.24611282348631,79.45429229736327,54.04332860310869,51.0520922342936,35.08447011311853,392.6214141845706,65.4369023640951,1041.08123101951
1070940,13.691122690836584,53.143561045328696,97.14513524373368,113.22305043538408,132.3750597635904,149.07054519653315,176.99877675374367,167.216002146403,107.87852732340484,65.39586766560868,25.846775054931637,13.656197865804025,558.6484743754066,93.10807906256775,2599.7637889617004
2455518,23.26395416259762,26.635303497314453,17.755568186442073,14.004381815592442,0.0,0.0,0.0,0.0,0.0,0.0,4.439473470052082,7.707191467285156,81.65920766194658,13.609867943657765,130.1325669341931
2457163,17.05789947509767,21.83696365356444,14.44062678019205,7.780667622884101,0.0,0.0,0.0,0.0,0.0,0.0,1.1228764851888022,3.993649800618491,61.11615753173826,10.18602625528971,82.87292426630412
2460596,26.457801818847624,28.7821947733561,23.560499827067044,21.82249704996745,6.157530466715497,0.0,0.0,0.0,0.0,0.0,10.346932729085296,13.79215240478514,106.78052393595372,17.79675398932562,139.46340175259073
1298824,31.740516662597656,27.78821690877281,31.845330556233755,31.40404001871742,28.51194127400715,18.682849884033203,11.130612691243494,12.327004750569667,19.05121612548828,19.788934071858726,25.72583897908531,37.68041737874348,169.972895304362,28.328815884060333,25.366604670893004
1311874,8.210487365722654,19.203174591064453,15.94168472290039,3.953600565592446,0.0,0.7678337097167977,0.0,0.0,0.0,2.59161122639974,9.365568796793625,12.96467844645182,48.07678095499674,8.01279682583279,64.26047543350492
2028462,0.0,0.0,0.0,0.0,0.0,0.0,0.0,0.0,0.0,0.0,0.0,0.0,0.0,0.0,0.0
2377450,11.010780334472663,18.817188262939457,10.36632664998372,1.9202346801757812,0.0,0.0,0.0,0.0,0.0,0.0,0.0,0.9784863789876308,42.114529927571624,7.019088321261937,58.17325639359491
2377457,2.4459597269694004,11.380013783772798,2.6920102437337228,0.0,0.0,0.0,0.0,0.0,0.0,0.0,0.0,0.1114756266276042,16.51798375447592,2.7529972924126533,19.45207746099879
934154,7.504107157389326,32.32462056477863,53.98597462972007,82.05654652913411,110.59584426879884,116.31216303507507,108.52278391520186,83.83790969848633,92.50214385986328,51.49026870727544,37.97349421183268,21.361181894938156,402.779256184896,67.129876030816,1894.0787015690307
1282027,43.87007395426436,51.875782012939446,44.615675608317105,55.37555694580078,59.91306432088219,59.36025873819984,46.96427154541016,55.92580032348632,51.00230662027999,52.92825698852527,56.899911244710246,48.737790425618456,315.01041158040374,52.501735263400626,49.46266500516292
235715,88.65205637613929,95.30302810668935,92.5032081604004,46.366686503092474,98.84722773234044,67.10269037882479,30.694821675618517,61.06723912556969,82.15115102132161,53.44542821248368,87.7762947082519,75.69589233398438,488.77489725748666,81.46248287624778,421.05923830656695
923295,67.20762252807617,79.82202784220378,71.31759643554692,113.11204783121735,110.25022252400711,147.54425938924155,107.42284901936846,100.66489537556971,137.33710479736337,110.40994644165066,90.8641853332518,48.43505605061846,589.253776550293,98.20896275838216,964.6746858964386
927967,84.42134348551437,109.18592198689775,94.97806167602548,112.9758173624675,123.37628046671524,141.5576871236166,95.1469701131184,97.36761347452804,140.4779739379882,111.25255711873368,112.62321853637694,54.37621815999351,666.4951121012369,111.08251868353948,411.4451855193089
3514783,6.013140360514324,15.418994903564451,6.942905426025391,0.2848777770996094,0.0,0.0,0.0,0.0,0.0,0.0,0.0,0.0878639221191406,28.659918467203777,4.776653077867296,37.05797283524326
3516355,1.9869308471679712,9.778044382731116,0.2727762858072916,0.0,0.0,0.0,0.0,0.0,0.0,0.0,0.0,0.0484059651692708,12.03775151570638,2.0062919192843967,15.096241890374165
3523349,2.4459597269694004,11.380013783772798,2.6920102437337228,0.0,0.0,0.0,0.0,0.0,0.0,0.0,0.0,0.1114756266276042,16.51798375447592,2.7529972924126533,19.45207746099879
3530597,5.026730855305988,14.722705841064451,6.64521662394206,0.17974853515625,0.0,0.0,0.0,0.0,0.0,0.0,0.0,0.0383148193359375,26.57440185546875,4.429066975911458,33.70349964530969
3531673,2.534257253011068,10.82247797648113,2.1562334696451817,0.0,0.0,0.0,0.0,0.0,0.0,0.0,0.0,0.0200246175130208,15.51296869913738,2.585494783189563,17.617826501614744
3985606,2.1583620707194,10.146371205647789,1.0821571350097656,0.0,0.0,0.0,0.0,0.0,0.0,0.0,0.0,0.0,13.386890411376951,2.2311484018961587,15.782060077653702
3995465,0.0,3.877246856689453,0.0,0.0,0.0,0.0,0.0,0.0,0.0,0.0,0.0,0.8096173604329421,3.877246856689453,0.6462078094482422,2.505507197951374
3996069,0.0,0.0,0.0,0.0,0.0,0.0,0.0,0.0,0.0,0.0,0.0,0.0,0.0,0.0,0.0
3996322,1.6715825398763016,8.569629669189453,0.4998664855957031,0.0,0.0,0.0,0.0,0.0,0.0,0.0,0.0,0.2039120992024738,10.741078694661455,1.790179782443576,11.450829087454972
4004898,1.65636698404948,0.0,0.0,0.0,0.0,0.0,0.0,0.0,0.0,0.0,0.0,0.0279871622721354,1.65636698404948,0.2760611640082466,0.4572585976415284
4005270,2.4459597269694004,11.380013783772798,2.6920102437337228,0.0,0.0,0.0,0.0,0.0,0.0,0.0,0.0,0.1114756266276042,16.51798375447592,2.7529972924126533,19.45207746099879
4005539,2.3551788330078125,12.030892690022789,3.8297869364420607,0.0,0.0,0.0,0.0,0.0,0.0,0.0,0.0,0.1509335835774739,18.215858459472663,3.0359764099121107,21.930719532715425
1037021,52.64937082926437,50.17794672648115,51.62902196248368,82.3517125447591,94.28098424275711,111.9275601704915,125.96028391520188,122.50970331827804,110.66368357340484,81.02705256144208,68.50220616658531,48.465329488118456,443.01659647623694,73.83609941270616,688.6416621728172
1040652,0.0,28.47232564290363,5.4301007588704415,26.130627950032572,96.47580846150714,109.06672032674174,114.4841283162433,121.6822293599446,127.268664042155,62.47952651977539,10.58525721232096,2.5957895914713536,265.5755831400555,44.26259719000925,2194.207015986616
1052373,44.31916936238608,41.57004165649416,34.544436136881494,69.87263107299809,123.73199335734056,141.90583165486652,131.88378651936844,135.7114448547362,143.10924021402988,65.32755533854171,54.1888224283854,15.764340718587247,455.9441032409669,75.99068387349449,2113.425360368988
3352136,0.0,46.71904881795241,8.78792953491211,43.754144032796205,133.38417434692383,97.2928759256999,118.32128651936829,136.753355662028,56.59280141194663,27.71627807617191,4.338325500488281,0.0,329.93817265828443,54.9896954430474,2657.6728781194065
2440485,23.67769114176435,26.047494252522807,17.528517405192066,18.156888326009117,0.0,0.0,0.0,0.0,0.0,0.0,11.214771270751946,8.998858133951824,85.41059112548834,14.235098520914724,132.03967026927813
2322911,23.105018615722656,30.434619903564492,22.55390803019208,17.17300160725913,0.0,0.0,0.0,0.0,0.0,0.0,16.22754796346029,12.70987701416017,93.26654815673837,15.544424692789727,162.78477827315118
2324774,57.58646392822258,47.3599942525228,46.010776519775355,52.06818389892584,48.658913930257135,15.514230092366525,3.940671284993491,10.404641469319662,19.45738474527995,30.61673355102543,50.03036371866861,55.98575592041016,267.19856262207026,44.53309377034504,219.2919619043085
2331447,47.621457417806006,42.55913162231445,51.0790545145671,53.849271138509074,16.03423945109049,0.0,0.0,0.0,0.7464294433593757,27.42288589477539,36.33667882283527,51.91145579020186,211.1431541442871,35.190525690714516,482.95098954681106
2331939,57.7580134073893,52.05489985148116,53.879347483317105,53.62222035725912,29.339415232340436,8.006417592366532,0.0,0.0080808003743489,2.1623827616373705,12.041456858317042,39.62639236450196,47.77913157145176,254.66031392415363,42.4433856540256,388.0570813534689
2332459,54.299273173014306,51.393929799397746,56.08426284790025,50.74372100830073,31.604877471923828,12.582752227783216,0.0,3.5045445760091116,4.552762349446612,12.67215347290039,37.18433507283528,46.14436594645177,256.7088165283201,42.78480275472001,296.8149402765997
2335204,34.449989318847685,38.31075922648112,25.384474436442066,28.58356475830078,3.261371612548828,0.0,0.0,0.0,0.0,0.0,27.865161895751953,25.52563222249351,129.99015935262048,21.66502655877008,262.0608086652689
2335727,47.616411844889306,47.91500727335615,33.26313654581707,39.33315785725912,4.762429555257162,0.0,0.0,0.0,0.0,0.0,27.605314890543596,36.030515034993485,172.89014307657882,28.81502384609647,451.5102597279524
2339354,54.53136952718108,48.1243985493978,52.41865412394209,47.52716827392574,27.404438018798796,6.919096628824873,0.0,0.7629063924153641,1.6937357584635422,7.457553863525381,33.32447179158527,42.854652404785135,236.92512512207037,39.4875208536784,347.8932649643724
2343279,58.751991271972656,48.53308995564775,52.123488108317034,57.53758494059235,44.95546340942383,7.847482045491543,0.0,4.420591990152991,12.585314432779942,21.94591649373372,44.94442621866861,56.29605865478502,269.74909973144514,44.95818328857419,357.96723791897193
2346229,60.697059631347656,49.1839688618978,44.825066884358705,54.336168924967495,44.06996536254882,8.649728139241528,5.133949279785155,8.85312779744466,22.840441385904935,35.50337092081706,50.81242752075195,57.46158599853516,261.761957804362,43.62699296739367,332.39885344125616
2347283,57.964881896972656,50.16533279418939,56.278517405192105,57.85041046142571,38.69895299275716,12.633207956949866,0.796964009602864,6.189065297444659,4.068387349446611,17.44778823852538,43.56698481241861,54.52506256103516,273.5913035074869,45.59855058458115,314.4539346190482
2352778,55.414344787597585,46.79489008585607,43.55105972290039,52.77456410725913,16.09730911254883,1.698308308919272,0.0,0.0,0.1582654317220052,7.003452301025383,34.6640714009603,44.449053446451806,216.33047612508128,36.055079354180215,480.9111788889266
3617763,30.27730051676434,31.297412872314496,27.735711415608712,26.82770538330075,11.145079294840492,0.0,0.0,0.0,0.0,0.0,11.005379994710289,14.599444071451796,127.2832094828288,21.213868247138137,161.85639987847122
2747891,0.0,0.0,0.0,0.0,0.0,0.0,0.0,0.0,0.0,0.0,0.0,0.0,0.0,0.0,0.0
2759793,0.0,0.0,0.0,0.0,0.0,0.0,0.0,0.0,0.0,0.0,0.0,0.0,0.0,0.0,0.0
3143244,0.0,0.0,0.0,0.0,0.0,0.0,0.0,0.0,0.0,0.0,0.0,0.0,0.0,0.0,0.0
3161732,0.0,0.0,0.0,0.0,0.0,0.0,0.0,0.0,0.0,0.0,0.0,0.0,0.0,0.0,0.0
1283240,2.8243382771809924,11.491016387939451,5.876436869303387,0.0,0.0,0.0,0.0,0.0,0.0,0.0,7.792808532714854,22.215736389160153,20.191791534423828,3.365298589070638,21.320289409829183
2179537,0.0,0.0,0.0,0.0,0.0,0.0,0.0,0.0,0.0,0.0,0.0,0.0,0.0,0.0,0.0
2192362,0.0,0.0,0.0,0.0,0.0,0.0,0.0,0.0,0.0,0.0,0.0,0.0,0.0,0.0,0.0
2193732,0.0,0.0,0.0,0.0,0.0,0.0,33.081377665201835,0.0,15.106327056884766,0.0,0.0,0.0,0.0,0.0,0.0
3693528,54.28918202718107,56.74223709106445,62.55773289998367,61.36465199788398,62.81426874796555,25.395984649658203,26.855140686035156,35.148131052653,45.00312042236325,56.576206207275455,58.61288324991867,69.5280736287435,323.16405741373694,53.860676235622826,206.1681886003767
3698350,75.03153228759766,77.40385818481445,73.61510594685875,61.83136749267578,74.00030390421547,52.94228998819997,48.55867258707685,50.70363235473638,61.44664255777992,63.17077000935875,73.79753494262698,79.44514719645183,414.82445780436205,69.13740963406035,92.48650211299646
3936456,54.412837982177734,92.7524909973144,112.3524920145671,77.27586619059245,110.46718215942384,67.44578933715826,60.20133209228508,41.36916478474934,66.9311803181967,88.8729184468587,95.93246332804364,48.628522237141944,514.7066586812338,85.78444311353896,551.306446525394
3938527,41.96540959676108,83.7890307108561,105.36437352498392,120.80906931559234,138.57859166463223,103.6502978006998,97.04158274332686,58.766457875569536,93.79633331298828,98.78494644165048,95.38754145304355,44.45118204752606,594.1567726135255,99.02612876892093,1117.7089870947673
3941584,39.30639266967774,84.33899815877274,100.80317560831708,113.16250356038408,132.01177851359054,93.68529129028312,88.93586985270177,56.91977818806968,84.44688669840497,99.599806467692,90.71029535929355,41.33806355794271,563.3081398010253,93.88468996683754,988.6249898709516
3947322,26.95427831013999,60.08646647135406,96.73644383748368,139.8434931437174,154.95399856567383,135.72248204549146,153.5545221964518,125.27972284952789,128.0532506306969,108.29837417602526,82.40102513631187,41.7769889831543,614.2971623738604,102.3828603956434,2557.778380101993
2087894,58.68892161051438,55.42534255981439,50.56440607706709,53.93000030517572,64.45912551879891,52.88426589965821,56.22037506103515,62.399270375569685,60.99506378173828,50.03714370727544,56.54419835408523,70.37320709228516,335.9520619710287,55.99201032850478,24.531066230074753
2088122,63.646197001139384,57.052539825439446,52.58515803019204,52.40371449788414,53.25290807088225,59.48639806111656,62.44661204020179,60.883075714111335,65.76060740152984,52.37072118123368,62.684660593668674,57.302650451660085,338.42691548665385,56.40448591444231,20.577283226709493
1701668,63.164344787597656,68.67753982543951,73.06009292602538,67.0283075968425,44.98825963338217,32.57835769653321,44.10343170166016,40.11802037556966,56.108426411946645,65.79951349894202,64.36988194783531,80.42398834228517,349.4969024658204,58.24948374430341,252.83777655088232
1715348,50.19469960530595,52.97319412231445,53.20828628540039,64.03880564371742,60.81622187296547,57.50096511840819,49.330645243326906,42.14129511515299,48.12885284423824,59.10151545206703,74.31722895304362,76.31689198811848,338.7321726481119,56.45536210801865,27.896777931073455
1717512,50.31831614176425,48.7677090962728,42.73872248331703,47.74917348225913,38.63840611775716,43.71141433715819,35.273679097493485,29.585386912028007,40.04079945882163,55.213901519775455,64.45313390096022,69.58357493082686,271.92374165852857,45.32062360975476,19.33299639983554
1166993,9.536802927652996,2.4063046773274737,0.0,0.0,0.0,0.0,0.0,0.0,0.0,0.0,0.0,0.0,11.943107604980469,1.9905179341634112,14.59358848073236
1167528,19.880897521972656,16.985645294189453,9.460646311442057,0.0,0.0,0.0,0.0,0.0,0.0,0.0,1.8025703430175803,0.0,46.32718912760416,7.721198187934028,83.11293044505334
1168197,6.9956080118815045,0.2751413981119791,0.0,0.0,0.0,0.0,0.0,0.0,0.0,0.0,0.0,0.0,7.270749409993484,1.211791568332247,8.04072028287379
1172451,17.383338928222667,9.667041778564451,4.34510548909505,0.0,0.0,0.0,0.0,0.0,0.0,0.0,0.0,5.305498758951823,31.39548619588217,5.232581032647029,50.046537034806285
1174872,38.287147521972656,37.67249425252278,35.8161964416504,18.69928741455078,3.639750162760415,0.0,0.0,0.0,0.0,12.644402821858716,30.216398874918628,29.405677795410192,134.11487579345703,22.352479298909504,306.60671246655465
1176615,8.80519485473633,2.0851224263509107,0.0,0.0,0.0,0.0,0.0,0.0,0.0,0.0,0.0,0.0,10.89031728108724,1.8150528801812067,12.42253804312442
756135,0.0,0.0,0.0,0.0,0.0,0.0,0.0,0.0,0.0,0.0,0.0,0.0,0.0,0.0,0.0
3088171,0.0,0.0,0.0,0.0,0.0,0.0,0.0,0.0,0.0,0.0,0.0,0.0,0.0,0.0,0.0
3094802,0.0,0.0,0.0,0.0,0.0,0.0,0.0,0.0,0.0,0.0,0.0,0.0,0.0,0.0,0.0
2267057,0.0,0.0,0.0,0.0,0.0,0.0,0.0,0.0,0.0,0.0,0.0,0.0,0.0,0.0,0.0
2268339,0.0,0.0,0.0,0.0,0.0,0.0,0.0,0.0,0.0,0.0,0.0,0.0,0.0,0.0,0.0
2735943,0.0,0.0,0.0,0.0,0.0,0.0,0.0,0.0,0.0,0.0,0.0,0.0,0.0,0.0,0.0
3439389,0.0,13.196065266927071,57.86877950032555,134.5153681437175,79.27545038859047,161.39435704549155,178.13907623291,160.692076365153,99.52305857340498,86.5267270406087,8.422716776529942,3.51960245768229,446.2500203450522,74.37500339084202,4152.040958068211
681290,0.0,0.0,0.0,0.0,0.0,0.0,0.0,0.0,0.0,0.0,0.0,0.0,0.0,0.0,0.0
683506,0.0,0.0,0.0,0.0,0.0,0.0,0.0,0.0,0.0,0.0,0.0,0.0,0.0,0.0,0.0
792680,0.0,0.0,0.0,0.0,0.0,0.0,0.0,0.0,0.0,0.0,0.0,0.0,0.0,0.0,0.0
498817,0.0,0.0,0.0,0.0,0.0,0.0,0.0,0.0,0.0,0.0,0.0,0.0,0.0,0.0,0.0
499099,0.0,0.0,0.0,0.0,0.0,0.0,0.0,0.0,0.0,0.0,0.0,0.0,0.0,0.0,0.0
501175,0.0,0.0,0.0,0.0,0.0,0.0,0.0,0.0,0.0,0.0,0.0,0.0,0.0,0.0,0.0
524901,0.0,0.0,0.0,0.0,0.0,0.0,0.0,0.0,0.0,0.0,0.0,0.0,0.0,0.0,0.0
581049,0.0,0.0,0.0,0.0,0.0,0.0,0.0,0.0,0.0,0.0,0.0,0.0,0.0,0.0,0.0
1486209,0.0,0.0,0.0,0.0,0.0,0.0,0.0,0.0,0.0,0.0,0.0,0.0,0.0,0.0,0.0
1496153,0.0,0.0,0.0,0.0,0.0,0.0,0.0,0.0,0.0,0.0,0.0,0.0,0.0,0.0,0.0
1502026,0.0,0.0,0.0,0.0,0.0,0.0,0.0,0.0,0.0,0.0,0.0,0.0,0.0,0.0,0.0
2013159,0.0,0.0,0.0,0.0,0.0,0.0,0.0,0.0,0.0,0.0,0.0,0.0,0.0,0.0,0.0
2013348,0.0,0.0,0.0,0.0,0.0,0.0,0.0,0.0,0.0,0.0,0.0,0.0,0.0,0.0,0.0
2023469,0.0,0.0,0.0,0.0,0.0,0.0,0.0,0.0,0.0,0.0,0.0,0.0,0.0,0.0,0.0
202061,15.890992482503242,0.0,0.0,0.0,4.976984659830728,2.5504976908365884,1.8318977355957031,4.81915283203125,8.067279815673828,11.170504252115885,4.459892272949219,9.743356068929035,23.41847483317056,3.90307913886176,38.47897925376411
108410,1.5023981730143234,34.6630465189616,8.311241149902344,12.106733957926428,3.292669932047525,0.0,6.876564025878906,0.0,32.347207387288435,0.0,30.309229532877616,13.707047780354822,59.87608973185222,9.979348288642036,166.550210502217
2108502,56.4713923136393,46.79993565877284,47.32010269165039,58.4684931437175,57.468484242757185,60.71499506632493,53.93725331624351,64.91953404744477,59.97081247965492,51.51549657185874,59.53622309366859,60.49902089436844,327.24340311686217,54.5405671861437,35.58108597957683
364132,58.64855702718101,14.164815266927071,21.533519744873036,23.363131205240872,13.51661682128906,17.979938507080078,4.875994364420572,16.590986887613944,70.0759913126628,0.0,8.427407582600908,31.11068725585929,149.20657857259113,24.867763095431854,289.07337520432213
377039,54.652463277181006,64.02299880981452,43.6494483947754,44.44684600830078,34.26641718546548,27.98688634236656,26.133623758951803,16.613218943278007,41.082710266113295,33.08906428019207,48.91276931762695,53.702634175618506,269.02506001790374,44.837510002983954,172.3343836763366
379003,7.929078420003251,3.635217030843101,2.064467112223308,4.412787119547528,7.711685180664052,2.954143524169922,9.696132659912111,6.055830637613934,37.27219899495442,12.27572123209634,10.870332082112624,0.2697804768880208,28.70737838745116,4.7845630645751935,6.132918409094965
379252,45.022987365722656,38.68160883585612,26.557570139567066,29.55519231160484,27.171080271403007,20.35135777791341,36.47515614827473,25.03629048665361,97.63349151611328,27.455682118733712,61.70077387491851,46.33105214436846,187.3397967020671,31.223299450344516,81.0457945765063
379555,7.999716440836582,13.572472890218105,2.99813461303711,17.92230860392253,25.446873982747416,17.470335642496742,18.687343597412113,20.80557759602865,57.48586781819664,33.195770263671875,12.67392730712892,19.266204833984375,85.40984217325848,14.23497369554308,63.0709213240244
605155,0.0,0.0,0.0,0.0,0.0,0.0,0.0,0.0,0.0,0.0,0.0,0.0,0.0,0.0,0.0
2673730,0.0,0.0,0.0,0.0,0.0,0.0,0.0,0.0,0.0,0.0,0.0,0.0,0.0,0.0,0.0
2711537,0.0,0.0,0.0,0.0,0.0,0.0,0.0,0.0,0.0,0.0,0.0,0.0,0.0,0.0,0.0
2713573,0.0,0.0,0.0,0.0,0.0,0.0,0.0,0.0,0.0,0.0,0.0,0.0,0.0,0.0,0.0
1880252,32.31318918863934,31.501758575439418,53.016554514567034,57.371081034342424,66.94911575317383,54.604806264241496,62.49706776936852,64.18792597452797,64.23684438069647,50.44583511352538,37.07837804158528,41.6689427693685,295.75650533040357,49.2927508884006,204.783241388585
3239318,0.0,0.0,0.0,0.0,0.0,0.0,0.0,0.0,0.0,0.0,0.0,0.0,0.0,0.0,0.0
724443,0.0,0.0,0.0,0.0,0.0,0.0,0.0,0.0,0.0,0.0,0.0,0.0,0.0,0.0,0.0
3060972,0.0,0.0,0.0,0.0,0.0,0.0,0.0,0.0,0.0,0.0,0.0,0.0,0.0,0.0,0.0
2407790,50.76737213134766,43.31849034627282,51.10932795206698,46.39191436767578,25.918516794840507,11.460112253824876,3.2796223958333384,0.0080808003743489,0.0,7.596307118733731,25.968026479085307,39.88533274332681,228.96573384602863,38.16095564100477,256.7486549037716
2409306,48.688596089681056,41.39864985148113,48.01639175415034,42.380683898925795,20.451638539632157,8.962553660074875,1.0739186604817703,0.0,0.0,2.659214019775392,19.335620880126953,35.167722066243506,209.89851379394537,34.983085632324226,268.36460969053195
2410048,49.74816640218096,42.43551508585613,49.81766128540039,45.10529327392578,24.152566274007174,10.667957305908198,2.652355194091797,0.0,0.0,5.689080556233727,24.40894444783528,38.14208730061849,221.92715962727863,36.98785993787977,256.09618645009306
2253354,22.582801818847656,25.888558705647775,17.04666519165042,12.95742543538409,0.0,0.0,0.0,0.0,0.0,0.0,3.9197794596354143,7.321205139160156,78.47545115152995,13.079241858588324,122.45693446843823
53654,45.598182678222656,47.56181716918945,65.11331558227548,49.36627960205088,51.61561965942377,38.3757209777832,36.07340240478517,37.13356399536133,46.08791859944659,58.147902170817105,48.3955980936686,64.99967193603523,297.6309356689454,49.60515594482424,78.18666387716124
373303,25.64408493041992,3.9541524251302103,7.44706853230794,11.88528060913086,22.574563344319653,23.26127370198569,36.98018646240234,34.312300364176416,52.57971827189126,41.874825795491546,4.240449269612632,6.362822214762372,94.76642354329428,15.794403923882378,84.7783461526623
2410763,52.52575429280601,54.0655606587728,59.43956883748375,57.26764678955085,49.71596145629883,30.673653920491564,22.682451883951813,27.76141230265304,44.140327453613274,43.45014826456707,51.75342686971025,54.50235748291009,303.6881459554038,50.6146909925673,107.2307256988462
3583361,24.56066640218101,27.687305450439453,20.033644358317055,17.26886749267577,0.2119140625,0.0,0.0,0.0,0.0,0.0,6.1389249165852835,8.766761779785156,89.76239776611328,14.960399627685549,145.30749468596838
170654,0.3016306559244792,6.56050618489583,2.082481384277344,0.0,0.0,0.0,0.0,0.0,0.0,0.0,0.0,0.0,8.944618225097653,1.4907697041829422,6.826717061010673
934995,0.0,23.524865468343098,0.0,12.8792584737142,105.26519648234054,87.87026850382489,102.96508534749334,118.62965774536148,115.67393747965484,46.57820638020834,6.0361607869466125,0.0,229.5395889282227,38.25659815470379,2147.9672914627017
2427123,3.486569722493491,4.775516510009766,4.441168467203777,12.119899749755872,14.0186513264974,10.792243957519531,13.155779520670585,19.49120585123698,9.782774607340494,16.22616831461588,0.47842280069987,10.918974558512366,49.634049733479834,8.272341622246639,20.79659456540019
2432678,20.00892893473308,55.839079538981096,26.99121348063152,42.51041030883789,21.672785441080737,7.1089757283528705,0.0,24.69669977823894,62.05211130778,74.25317382812501,45.08649063110352,40.11490631103515,174.13139343261722,29.021898905436203,304.128819775182
2365267,57.67476145426437,51.9893074035644,58.14537938435875,50.38548533121738,38.48451614379883,17.61823399861654,4.934649149576823,1.7355588277181004,6.178106943766278,18.237420399983726,34.99455642700195,47.776608784993506,274.29768371582026,45.716280619303376,240.0877477993814
1609350,40.880572001139306,41.93348058064779,37.69314956665039,42.41852569580079,42.5638618469238,27.991931915283203,26.242103576660128,30.91994094848637,30.615669250488324,37.07002131144207,35.63282140096028,52.92813873291016,233.48152160644528,38.91358693440755,31.873981254158444
1221874,0.0,0.0,0.0,0.0,0.0,0.0,0.0,0.0,0.0,0.0,0.0,0.0,0.0,0.0,0.0
1645457,31.372189839680978,36.44642003377279,42.89008967081705,43.82624053955084,57.745990753173906,54.71833165486655,60.30981190999351,56.35971959431968,55.10940297444664,53.17296727498375,40.05022048950195,54.567949930826735,266.9992624918621,44.49987708197702,104.02317714154196
2464461,0.0,0.0,0.0,0.0,0.0,0.0,0.0,0.0,0.0,0.0,0.0,0.0,0.0,0.0,0.0
2468369,0.0,0.0,0.0,0.0,0.0,0.0,0.0,0.0,0.0,0.0,0.0,0.0,0.0,0.0,0.0
4032402,1.1944211324055989,20.237162272135414,65.56907272338867,129.09137725830095,96.39760208129884,146.4014371236165,175.02595774332676,159.4180692036946,115.80764516194655,92.12226740519196,27.102018992106128,16.950010935465507,458.891072591146,76.48184543185766,3400.779750765911
311046,0.0,0.0,0.0,0.0,0.0,0.0,0.0,0.0,0.0,0.0,0.0,0.0,0.0,0.0,0.0
323786,0.0,0.0,0.0,0.0,0.0,0.0,0.0,0.0,0.0,0.0,0.0,0.0,0.0,0.0,0.0
745044,0.0,0.0,0.0,0.0,0.0,0.0,0.0,0.0,0.0,0.0,0.0,0.0,0.0,0.0,0.0
3573703,32.89343007405598,33.5502611796061,32.819126129150355,30.70270538330078,12.075987497965505,0.0,0.0,0.0,0.0,0.0,12.281909942626951,17.440101623535167,142.04151026407874,23.673585044013123,202.109325205146
1668341,109.05383046468094,103.59794998168934,0.0,0.6165453592936199,10.694840749104817,0.0,2.665757497151692,22.872488657633472,70.86621475219727,59.13068517049148,89.08814366658527,118.3666966756186,223.96316655476872,37.32719442579479,2876.0232528100496
148730,13.269817352294938,13.047733306884766,3.8089739481608103,0.0,2.7754987080891933,0.0,0.8946825663248694,1.2455075581868489,0.6382649739583334,0.6025517781575521,2.4764696756998696,1.5211219787597656,32.90202331542971,5.483670552571618,37.62384325047675
149658,93.53364817301436,104.74581782023093,73.60249201456708,24.632881164550785,99.34673945109051,50.35643386840815,30.124671936035114,57.83554967244462,96.56130727132168,91.75898615519208,103.62191645304344,79.49308013916014,446.21801249186177,74.36966874864363,992.9589298823734
153220,28.99426651000973,26.491346995035787,12.472459157307934,0.0,4.682646433512369,3.975950876871743,2.316982269287109,2.581953684488932,5.877934773763019,9.06145477294922,7.772310892740889,12.198027292887366,76.61666997273758,12.769444995456263,151.48084070805277
154380,91.00077056884768,119.03235753377255,107.9325701395671,35.25128936767578,104.84136835734051,60.57119623819992,34.246905008951835,77.356871287028,97.19200388590508,63.48611831665038,92.67050043741864,97.63443756103509,518.6295522054036,86.43825870090059,1034.6164824982563
155946,7.210084279378261,7.762495676676436,3.1795387268066406,0.0,1.7688280741373703,0.0,0.0,0.0,0.0,1.5234870910644531,2.794340769449869,0.6204477945963541,19.92094675699871,3.3201577928331183,11.867837420282944
160263,1.2149187723795574,0.0,0.0,0.0,0.0,0.0,0.0,0.0,0.0,0.0,0.0,0.0,1.2149187723795574,0.2024864620632595,0.2460046039133751
698740,0.0,0.0,0.0,0.0,0.0,0.0,0.0,0.0,0.0,0.0,0.0,0.0,0.0,0.0,0.0
703448,0.0,0.0,0.0,0.0,0.0,0.0,0.0,0.0,0.0,0.0,0.0,0.0,0.0,0.0,0.0
229362,22.653439839681,5.959925333658856,1.942584991455078,0.0143089294433593,19.33908971150716,19.109200795491535,20.497718811035163,10.072776794433594,17.913439432779953,14.962173461914082,3.9468994140625,1.3451970418294268,69.01854960123698,11.503091600206163,99.5416270966116
232422,32.50239817301429,9.834294637044271,8.17820358276369,0.9790382385253906,14.312871297200507,21.082453409830737,24.476153055826806,18.179869333902992,28.138292948404928,24.082716623942044,11.636864980061842,10.640797932942716,86.88925933837889,14.481543223063149,122.39966590764338
233508,27.704058329264367,6.812627156575526,5.922832489013672,0.2968610127766927,14.238173166910835,16.332046508789066,22.32421620686847,14.549303690592442,22.50995635986328,19.45088068644206,9.904617309570312,11.70833079020182,71.30659866333016,11.884433110555028,94.22352479605289
4138106,0.0,0.0,0.0,0.0,0.0,0.0,0.0,0.0,0.0,0.0,0.0,0.0,0.0,0.0,0.0
4335045,3.6368331909179688,0.0,0.0,0.0,0.0,0.0,0.0,0.0,0.0,0.0,0.0,0.0332692464192708,3.6368331909179688,0.6061388651529948,2.2044259430937627
4560349,0.0,0.0,0.0,0.0,0.0,0.0,0.0,0.0,0.0,0.0,0.0,0.0,0.0,0.0,0.0
4671654,3.7301762898762982,0.0,0.0,0.0,0.0,0.0,0.0,0.0,0.0,0.0,0.0,0.0080413818359375,3.7301762898762982,0.6216960483127164,2.319035858925885
4699066,2.9744046529134125,0.0,0.0,0.0,0.0,0.0,0.0,0.0,0.0,0.0,0.0,0.0,2.9744046529134125,0.495734108818902,1.474513839878827
4887398,0.0,0.0,0.0,0.0,0.0,0.0,0.0,0.0,0.0,0.0,0.0,0.0,0.0,0.0,0.0
4930956,0.0,0.0,0.0,0.0,0.0,0.0,0.0,0.0,0.0,0.0,0.0,0.0,0.0,0.0,0.0
5128581,0.0,0.0,0.0,0.0,0.0,0.0,0.0,0.0,0.0,0.0,0.0,0.0,0.0,0.0,0.0
5368361,0.0,0.0,0.0,0.0,0.0,0.0,0.0,0.0,0.0,0.0,0.0,0.0,0.0,0.0,0.0
5391959,0.0,0.0,0.0,0.0,0.0,0.0,0.0,0.0,0.0,0.0,0.0,0.0,0.0,0.0,0.0
5746545,0.0,0.0,0.0,0.0,0.0,0.0,0.0,0.0,0.0,0.0,0.0,0.0,0.0,0.0,0.0
5809844,0.0,0.0,0.0,0.0,0.0,0.0,0.0,0.0,0.0,0.0,0.0,0.0,0.0,0.0,0.0
3441575,0.0,0.0,6.502403259277344,12.727063496907556,0.0,54.95460637410484,83.85497792561851,29.95797093709313,22.84024429321291,2.628743489583334,0.0,0.0,74.18407313028973,12.364012188381622,461.4110741533371
1512569,0.0,0.0,0.0,0.0,0.0,0.0,0.0,0.0,0.0,0.0,0.0,0.0,0.0,0.0,0.0
3646738,35.97879791259763,40.2835782368978,36.44689305623372,33.3390172322591,13.48874791463215,0.0814387003580729,0.0,0.0,0.0,0.0,13.084156036376967,24.637611389160135,159.61847305297846,26.603078842163075,258.5433575083105
1562798,26.967404683430978,33.22734451293945,34.82474136352539,35.0620803833008,26.5794868469238,0.0,5.421428680419922,11.751809438069673,1.8586629231770824,6.015702565511066,16.341073354085296,31.66357167561847,156.66105779012042,26.110176298353405,177.88614272844117
1566083,43.776730855306006,56.50509516398109,51.82327651977539,52.22964223225913,51.59291458129877,45.245268503824825,39.4816869099935,37.59018834431965,37.73244984944662,50.97057469685863,53.98104731241866,63.22867584228515,301.1729278564452,50.1954879760742,22.85130777249703
1568043,16.129514058431,27.61666742960613,14.93509292602539,4.001533508300787,0.8291295369466148,0.0,0.0,0.0,0.0,0.0,0.0394973754882812,4.439946492513021,63.51193745930993,10.585322909884988,118.06078079109612
1572151,54.975379943847585,59.31547927856453,57.97635269165039,42.64053090413413,43.68397903442383,32.52790196736648,41.41161855061848,38.710305531819664,35.855496724446645,45.074822743733705,50.19939041137695,62.67366282145179,291.11962381998694,48.519937303331155,112.26787287854783
1581130,22.994016011556,27.417367299397775,24.78152847290039,16.8299026489258,13.587136586507166,0.0,0.0,1.2552439371744792,0.0,0.0,5.4567082722981795,16.605059305826803,105.60995101928714,17.601658503214523,100.70131336659396
1583992,46.83687082926439,40.88400141398114,53.5009295145671,50.49396514892579,43.56793085734048,15.670642852783203,25.04882558186848,28.95469029744465,24.659370422363256,21.956007639567066,29.923755645751992,43.61148834228515,250.9543406168621,41.82572343614368,184.91416338960613
1584071,56.2519098917643,57.68323644002281,56.10696792602538,43.642077128092446,45.64418411254879,32.363920847574924,41.00797271728514,39.045836130778,38.10077667236328,45.612176259358705,50.7115160624186,62.24983469645171,291.6922963460287,48.61538272433811,98.86763397965385
1586203,46.274289449056006,49.72636795043945,50.1885108947754,58.24901072184257,53.14442825317376,47.6999397277832,39.51700592041016,35.88730748494466,37.29348500569661,53.738071441650334,51.092456817626896,58.70531972249351,305.28254699707037,50.880424499511726,18.51286607072587
1586443,49.503456115722656,44.476449330647824,49.44681167602539,57.36351267496743,54.54709752400712,50.82314936319985,40.17545318603515,33.914488474528035,36.56439971923827,52.779412587483804,48.319914499918646,62.20190175374352,306.16047668457026,51.02674611409504,20.06238586644286
2135171,42.283241271972656,25.550505320231128,18.46699396769205,33.22044626871749,42.95741653442383,55.56598790486649,53.90950266520179,54.629088083903035,59.17865753173836,61.70503107706711,51.594491322835246,44.40868886311849,218.04459126790363,36.34076521131727,178.8680162739526
4035413,41.45580673217775,85.5928230285645,103.66906102498358,116.6767450968425,134.86000442504886,98.1481005350748,92.9042129516602,57.59588495890297,88.2714309692383,96.2041358947754,92.05746332804358,43.174652099609375,580.402540842692,96.73375680711534,1016.2409044137446
71137,58.267616271972734,55.768441518147874,60.51427586873367,53.74079132080078,52.68528111775718,34.995187123616574,35.12483469645183,32.312519073486364,40.358670552571624,62.39122899373383,63.02775955200187,75.65592193603516,315.9715932210288,52.6619322035048,83.20235178376473
415189,58.39880116780601,51.1441739400228,59.328566233317034,59.152168273925774,51.11358515421548,34.4174690246582,35.586504618326806,36.20265579223635,33.39577992757163,49.45690282185874,54.43010330200195,76.6726048787435,313.5547637939453,52.25912729899088,91.21334674398076
945945,0.0,32.20269902547199,2.54403305053711,28.001865386962887,125.91168085734073,85.0901578267416,99.69050852457686,105.20591100056964,45.26111475626627,27.496795654296843,6.1648228963216125,0.0,273.7504361470543,45.62507269117572,2486.358636137432
964137,0.0,18.0832150777181,0.0,15.86288706461588,114.00665156046556,99.86359532674147,104.58219146728528,131.0947456359863,110.56781768798828,34.401662190755225,3.621854146321616,0.0,247.81634902954104,41.30272483825684,2662.6795301591615
964420,0.0,0.0,0.0,0.0,0.0,25.176502227783203,58.7381159464518,49.268166859944685,24.999946594238253,12.250848134358716,0.0,0.0,25.176502227783203,4.196083704630534,105.64271073759542
965289,0.0,24.660395304361987,1.254889170328776,20.938733418782547,91.1519012451172,106.09740066528332,113.82315826416016,117.3405138651532,145.01646677652988,54.86808268229171,12.664033253987634,0.2092336018880209,244.10331980387383,40.68388663397897,2136.479227846118
967106,0.0,0.0,0.0,0.0,0.0,18.458321889241535,52.05020904541016,47.656106313069635,13.074735005696605,9.975294748942058,0.0,0.0,18.458321889241535,3.076386981540256,56.78494116114219
971534,0.0,20.457157135009773,0.0,7.982529958089189,90.61285273234051,73.9167366027832,92.8310521443686,109.8402697245279,119.46820831298812,37.6870002746582,3.720242818196616,0.0,192.96927642822268,32.161546071370445,1590.079763734206
981827,0.0,22.66234842936197,4.362962086995443,27.414056142171212,96.32696406046544,113.9356981913248,121.77498118082671,121.01369094848648,153.48798370361325,72.93647638956708,15.083385467529276,1.3243052164713545,264.70202891031886,44.11700481838648,2373.3029182500236
990930,0.0,21.710982004801437,0.0,10.929144541422524,117.52846145629884,80.75601069132486,89.0292129516601,96.70664342244464,58.34361521402992,16.637619018554688,0.0,0.0,230.92459869384768,38.487433115641274,2407.51808161929
1002108,0.0,18.76184463500977,0.0,8.799912770589192,109.30417760213211,81.72476069132487,97.10717519124364,118.94752883911131,87.81732940673822,23.925949096679688,0.0,0.0,218.59069569905597,36.43178261650933,2218.4272645022875
1006984,0.0,0.0,0.0,0.0,0.0,28.13320795694988,52.03002675374351,51.10727818806968,31.07481638590496,16.85997899373376,0.0,0.0,28.13320795694988,4.68886799282498,131.91289832483136
1007311,0.0,20.429406483968105,0.0,6.765876770019531,88.04717890421546,64.25446446736657,85.28287506103513,102.38795852661131,76.31090037027995,38.240594228108726,5.733938852945965,0.0376841227213541,179.49692662556967,29.916154437594944,1394.8443753458191
1018725,0.0,15.627755482991544,0.0,10.378349304199215,106.60984166463226,80.04458491007486,97.07690175374348,103.08677037556974,70.3848749796549,22.037052154541016,0.0,0.0,212.66053136189788,35.44342189364965,2117.4627711425655
3369157,0.0,0.0,0.0,0.0,0.0,28.2795295715332,66.43766021728517,51.296487172444685,11.573243459065749,13.580356597900376,0.0,0.0,28.2795295715332,4.713254928588866,133.28863213120346
909137,29.840227762858085,39.54424413045247,17.05143483479818,70.42512130737305,107.99737421671554,115.62091954549147,121.04337310791016,101.84808222452791,125.60867055257155,101.302687327067,31.223306020100896,6.483876546223956,380.4793217976888,63.41322029961481,1721.769279903417
890299,36.91731389363606,51.19868977864585,24.841799418131497,71.8543980916341,119.03204218546556,139.89012527465815,152.30826568603516,134.800718943278,151.5202102661133,97.4251645406086,56.656107584635464,14.510515848795585,443.73436864217126,73.95572810702855,2137.10786415412
894701,1.212395985921224,20.23038228352864,3.926520029703779,40.64859390258789,90.44130325317384,114.42511876424136,129.71671295166,112.68849563598648,146.10378774007165,61.833693186442034,14.450166066487636,2.1623433430989594,270.8843142191567,45.14738570319278,2224.2965081023417
