geonameid,nearest_hdd_1,nearest_hdd_2,nearest_hdd_3,nearest_hdd_4,nearest_hdd_5,nearest_hdd_6,nearest_hdd_7,nearest_hdd_8,nearest_hdd_9,nearest_hdd_10,nearest_hdd_11,nearest_hdd_12,total_year,average_year,variance_year
292968,0.0,0.0,0.0,0.0,0.0,0.0,0.0,0.0,0.0,0.0,0.0,0.0,0.0,0.0,0.0
1138958,0.0,0.0,0.0,7.0154749552408875,4.241750081380209,44.59115727742514,48.59887949625654,47.04425175984694,24.307914733886697,21.08020655314127,7.237953186035147,0.4847691853841143,55.84838231404623,9.308063719007706,307.1480677515841
3183875,14.003475189208984,7.05729802449544,15.55530420939129,43.82545216878253,57.60085169474289,50.96876144409181,91.1406275431316,75.64255905151366,82.53382619222005,49.68860499064126,20.02741622924804,42.49625905354819,189.01114273071292,31.501857121785488,474.0022532004943
616052,41.21089935302733,0.0,12.323614756266284,49.85743459065752,49.87607955932617,33.76335779825845,49.34814707438154,32.99989954630535,21.80531056722006,65.96057764689125,67.67528406778963,36.406252543131515,187.03138605753577,31.171897676255956,426.6875807391058
2240449,0.0,0.0,0.0,0.0,0.0,0.0,0.0,0.0,0.0,0.0,0.0,0.0,0.0,0.0,0.0
2243271,0.0,0.0,0.0,0.0,0.0,0.0,0.0,0.0,0.0,0.0,0.0,0.0,0.0,0.0,0.0
3347019,0.6264788309733073,1.3865470886230469,0.0,0.0,0.0,0.0,0.0,0.0,0.0,0.0,0.0,28.74652099609371,2.013025919596354,0.3355043199327256,0.3279219324931209
3347719,0.0,0.0,0.0,0.0,0.0,0.0,0.0,0.0,0.0,0.0,0.0,0.0,0.0,0.0,0.0
3435910,154.64294687906903,138.45079676310223,31.48409907023113,10.629563649495443,31.808474222819022,0.0,0.0,4.238005320231119,9.189210255940756,24.446667989095044,59.80170694986976,100.66162363688132,367.01588058471685,61.16931343078614,4549.793972048886
3836350,122.40173594156909,175.745148976644,67.25224431355784,56.472180684407576,32.05823008219403,22.575982411702483,5.53850173950195,27.820145924886056,43.52189000447595,66.15230941772454,143.7650464375814,97.42741139729814,476.50552241007495,79.41758706834582,3455.000038020377
3844419,154.64294687906903,138.45079676310223,31.48409907023113,10.629563649495443,31.808474222819022,0.0,0.0,4.238005320231119,9.189210255940756,24.446667989095044,59.80170694986976,100.66162363688132,367.01588058471685,61.16931343078614,4549.793972048886
3860259,128.3630803426106,56.39105733235665,11.114451090494788,0.0,0.1860160827636718,0.0,0.0,0.0,0.2376149495442709,1.7350069681803393,52.42669550577809,76.58951059977214,196.0546048482257,32.67576747470428,2674.872537353006
3865086,94.37105560302726,99.99343999226906,0.0,0.0,4.527179718017578,0.0,0.0,0.0,0.0,7.5529861450195215,12.2796630859375,51.053550720214794,198.8916753133139,33.148612552218985,2466.4192896987247
2761369,112.69153086344409,122.24946212768556,129.3102684020998,118.96664683024096,116.0563367207846,138.86516443888345,155.3430201212565,153.939759572347,165.35942840576172,138.5638491312662,111.07982508341462,111.61303965250669,738.1394093831385,123.02323489718977,92.56598627618004
2063042,0.0,0.0,0.0,0.0,0.0,0.0,0.0,0.0,0.0,0.0,0.0,0.0,0.0,0.0,0.0
2063523,87.36180877685547,76.73082605997722,33.022683461507185,21.46725718180339,0.0,0.0,0.0,0.0,0.0,6.824413299560547,155.00153732299802,145.20898691813153,218.5825754801433,36.43042924669055,1421.5978007860351
2073124,0.0,0.0,0.0,0.0,0.0,0.0,0.0,0.0,0.0,0.0,0.0,0.0,0.0,0.0,0.0
2078025,130.65124766031923,63.88227462768546,45.69503402709961,13.45003890991211,2.4328333536783853,0.0,0.0,0.0,0.0,14.54871241251627,74.9938875834147,62.38843027750649,256.1114285786948,42.68523809644913,2498.674915648899
2147714,56.4106877644857,44.325634002685575,40.74280420939126,0.8422953287760414,1.0962295532226562,0.0,0.0,0.0,0.0,0.0,0.0014584859212239,0.4090855916341144,143.41765085856122,23.902941809760204,676.1422072673329
2158177,128.69356536865217,30.016389211018865,23.645880381266263,10.465582529703775,0.1735204060872396,0.0,0.0,0.0,0.0,3.2249883015950567,79.3507397969564,40.589032491048165,192.99493789672832,32.16582298278805,2384.772513125021
2172517,83.40954844156899,42.70348230997721,46.38627751668303,0.0753682454427083,5.134501139322917,0.0,0.0,0.0,0.0,0.0,18.504126230875656,6.0725835164388,177.70917765299487,29.618196275499145,1139.074078623579
2174003,2.399288177490234,23.068635304768858,0.0,0.0,0.0,0.0,0.0,0.0,0.0,0.0,0.0,0.0,25.46792348225909,4.244653913709848,85.96319950000768
587084,50.535118103027344,1.4048372904459638,13.383185068766274,13.718676249186192,45.98089726765952,46.45045089721683,27.155194600423133,24.399720509847047,20.04440561930338,86.60453923543294,68.08145268758146,46.928794860839886,171.47316487630212,28.57886081271702,458.89260801845575
3191281,50.507367451985694,67.63618087768553,69.66907374064121,66.56837209065758,61.47080612182617,90.69255701700848,114.41080983479829,105.0582491556804,117.33818817138672,102.6772117614746,70.667308807373,75.34041595458986,406.5443572998047,67.75739288330078,173.63785816532845
3204541,62.26102956136071,78.06790288289388,76.83883285522461,84.69459279378255,83.05576705932614,100.5743115743003,125.8163274129233,122.9902153015135,131.2412643432619,116.12366358439132,76.68163172403972,88.43115488688147,485.4924367268882,80.91540612114802,155.60968991738582
1185241,0.0,0.0,0.0,0.0,0.0,0.0,0.0,0.0,0.0,0.0,0.0,0.0,0.0,0.0,0.0
1337182,0.0,0.0,0.0,0.0,0.0,0.0,0.0,0.0,0.0,0.0,0.0,0.0,0.0,0.0,0.0
1337200,0.0,0.0,0.0,0.0,0.0,0.0,0.0,0.0,0.0,0.0,0.0,0.0,0.0,0.0,0.0
2800866,136.89262135823554,142.45698165893563,132.93803532918304,147.2344690958659,147.48268763224286,161.46176274617517,150.24446868896482,172.59324264526356,167.13294728597006,147.5979474385579,145.49567794799802,115.56624603271484,868.4665578206381,144.74442630343967,99.88836753775117
2357048,0.0,0.0,0.0,0.0,0.0,0.0,0.0,0.0,0.0,0.0,0.0,0.0,0.0,0.0,0.0
727012,17.428197224934898,29.98611577351887,27.783250172932966,54.56747690836586,56.31423060099281,74.6804313659668,116.40633392334,74.933656056722,96.7547734578451,71.50313949584958,54.98062260945633,68.01424407958983,260.75970204671216,43.45995034111869,473.6566838569158
728193,23.770876566568997,21.19672775268555,33.116420745849574,67.34791310628252,61.601991017659614,66.83708826700838,113.56315358479829,65.89703496297196,89.19398244222009,71.50818506876624,42.37930425008136,59.1466496785482,273.87101745605463,45.6451695760091,481.5814389135934
425378,0.0,0.0,0.0,0.0,0.0,0.0,0.0,0.0,0.0,0.0,0.0,0.0,0.0,0.0,0.0
7668939,0.0,0.0,0.0,0.0,0.0,0.0,0.0,0.0,0.0,0.0,0.0,0.0,0.0,0.0,0.0
3903987,32.122797648111955,4.928539276123047,0.0,0.0,0.0,0.0,0.0,0.0,0.0,0.0,0.7878977457682289,19.46790949503581,37.051336924235,6.175222820705834,165.47287336512758
6300770,17.324132283528648,0.0,0.0,0.0,0.0,0.0,0.0,0.0,0.0,0.0,0.0,6.644231160481768,17.324132283528648,2.887355380588108,50.02092656286659
3390760,0.0,0.0,0.0,0.0,0.0,0.0,0.0,0.0,0.0,0.0,0.0,0.0,0.0,0.0,0.0
3399415,0.0,0.0,0.0,0.0,0.0,0.0,0.0,0.0,0.0,0.0,0.0,0.0,0.0,0.0,0.0
3405870,0.0,0.0,0.0,0.0,0.0,0.0,0.0,0.0,0.0,0.0,0.0,0.0,0.0,0.0,0.0
3448439,55.48924001057945,17.899012247721352,0.0,0.0,0.0,0.0,0.0,0.0,0.0,0.0,21.2708740234375,25.698955535888675,73.38825225830081,12.231375376383468,500.3582269615543
3449433,56.55058415730804,17.52485148111979,0.0,0.0,0.0,0.0,0.0,0.0,0.0,0.0,24.401652018229147,25.751934051513643,74.07543563842782,12.34590593973797,518.1121254261883
3450554,2.4522272745768228,0.0,0.0,0.0,0.0,0.0,0.0,0.0,0.0,0.0,0.0,3.468043009440103,2.4522272745768228,0.4087045457628038,1.002236434363079
3451190,55.5018539428711,16.27181498209635,0.0,0.0,0.0,0.0,0.0,0.0,0.0,0.0,19.5150146484375,29.30654017130535,71.77366892496745,11.962278154161242,497.3302324164465
3452925,116.83142344156892,50.46771240234375,13.526234944661464,0.0,0.0,0.0,0.0,0.0,0.0,0.0,65.29038365681967,72.44473012288407,180.82537078857413,30.13756179809569,2185.9789486965647
3455077,57.25696436564125,20.156117757161457,0.0,0.0,0.0,0.0,0.0,0.0,0.0,0.0,29.805460611979186,28.486634572346993,77.4130821228027,12.902180353800452,537.1663008233811
3462377,20.353998819986987,0.0,0.0,0.0,0.0,0.0,0.0,0.0,0.0,0.0,0.0,9.129175821940104,20.353998819986987,3.3923331366644978,69.04754466067197
3464975,56.21505355834961,17.858647664388016,0.0,0.0,0.0,0.0,0.0,0.0,0.0,0.0,36.642211914062486,34.760804494222,74.07370122273763,12.34561687045627,512.9156014992601
3469058,14.127643585205078,0.0,0.0,0.0,0.0,0.0,0.0,0.0,0.0,0.0,0.0,6.061467488606774,14.127643585205078,2.354607264200846,33.26505221176438
3470127,38.61830266316731,9.104578653971352,0.0,0.0,0.0,0.0,0.0,0.0,0.0,0.0,5.0598818461100254,19.91696548461914,47.722881317138665,7.953813552856444,238.93755056974584
3663517,0.0,0.0,0.0,0.0,0.0,0.0,0.0,0.0,0.0,0.0,0.0,0.0,0.0,0.0,0.0
1252416,0.0,0.0,0.0,0.0,0.0,0.0,2.508004506429036,5.695308685302729,2.9205589294433594,0.0,0.0,0.0,0.0,0.0,0.0
11778169,86.83296966552729,34.25987370808921,57.76763153076172,21.536239624023448,0.0,0.0,0.0,0.0,0.0,12.879573822021484,47.136924743652344,62.74903106689462,200.39671452840165,33.39945242140028,1164.2943809899066
620127,157.86706797281906,164.3093579610189,177.19780095418298,176.09010060628248,173.97446823120117,175.41781743367508,196.90592702229827,213.13442103068053,205.2472050984699,181.95325342814124,163.78587977091468,167.64412689208984,1024.8566131591797,170.80943552652994,61.941427719699995
623549,144.45088958740234,165.31847254435218,169.14002100626632,163.79403940836593,166.6155001322428,167.50131352742517,201.67147064209004,193.8325818379719,201.65980275471992,174.5539207458495,147.97809982299805,159.41732025146484,976.8202362060548,162.80337270100912,84.17537189745227
625143,149.59485117594397,166.01476160685226,170.57044092814124,170.45419565836588,169.05755742390951,169.16887537638345,200.538739522298,208.54042689005524,202.1189498901365,177.43746566772475,162.2318433125814,165.3408228556315,994.8606821695964,165.8101136949327,65.80640055670773
625665,151.7871526082357,164.90725835164383,175.81531397501615,172.18230438232422,168.2729708353678,163.84075037638345,191.43904876708967,200.9771130879719,200.02755991617832,175.72197087605775,152.7789624532064,164.89681243896484,996.8057505289712,166.13429175482852,69.49618817970352
627904,159.20414479573571,172.93728764851892,172.40955225626615,172.6843388875326,172.4835014343261,178.51075363159185,210.1480331420896,214.81711959838844,210.38107554117832,178.43648910522472,169.71695073445642,169.0997746785481,1028.2295786539712,171.37159644232852,41.10056232173645
629634,146.38082122802737,168.8201001485188,170.22229639689132,164.07154591878248,164.02459843953454,172.10539881388345,203.85368092854804,194.34975306193024,206.02170054117832,172.9115867614746,153.4525464375814,157.5605494181315,985.624760945638,164.27079349093967,87.52980752733234
3582678,0.0,0.0,0.0,0.0,0.0,0.0,0.328711191813151,0.2945353190104167,3.6125907897949174,0.0,0.0,0.0,0.0,0.0,0.0
6167865,85.50598398844404,44.90335210164389,49.81978988647461,85.73398081461595,75.61102422078453,69.40780766805014,80.05298105875654,115.73720423380554,119.86602020263672,114.26689275105804,105.09577560424805,53.29126230875649,410.9819386800132,68.4969897800022,308.67127078408475
6173331,124.6949488321939,102.86437098185212,116.4137840270996,141.98959604899082,138.7084363301595,150.4775505065918,129.27506764729827,161.63678105672207,155.21530405680338,143.31930160522467,140.52831141153982,98.88558197021484,775.1486867268877,129.1914477878146,316.8132011942679
209228,0.0,0.0,0.0,0.0,0.0,0.0,0.0,0.0,0.0,0.0,0.0,0.0,0.0,0.0,0.0
922704,0.0,0.0,0.0,0.0,0.0,0.0,0.0,0.0,0.0,0.0,0.0,1.0011520385742188,0.0,0.0,0.0
922773,0.0,0.0,0.0,0.0,0.0,0.0,0.0,0.0,0.0,0.0,0.0,0.5520960489908855,0.0,0.0,0.0
2314302,0.0,0.0,0.0,0.0,0.0,0.0,0.0,0.0,0.0,0.0,0.0,0.0,0.0,0.0,0.0
2389853,0.0,0.0,0.0,0.0,0.0,0.0,0.0,0.0,0.0,0.0,0.0,0.0,0.0,0.0,0.0
2260535,0.0,0.0,0.0,0.0,0.0,0.0,0.0,0.0,0.0,0.0,0.0,0.0,0.0,0.0,0.0
2660646,108.79382578531904,82.05642827351883,86.85177230834955,105.88095347086592,105.23358281453449,112.9561475118001,113.96175384521484,157.1462211608887,146.1761601765951,130.1604474385579,113.0576896667482,89.99023691813147,601.772710164388,100.29545169406464,160.2986081213701
2661604,117.1518173217775,97.75572840372725,103.64848454793292,112.21819305419922,114.84792200724304,126.77849451700834,129.2220891316731,165.118226369222,153.94886525472006,136.646531422933,119.8288485209146,101.75651295979814,672.4006398518883,112.06677330864804,105.1447442960928
2279755,0.0,0.0,0.0,0.0,0.0,0.0,0.0,0.0,0.0,0.0,0.0,0.0,0.0,0.0,0.0
2290956,0.0,0.0,0.0,0.0,0.0,0.0,0.0,0.0,0.0,0.0,0.0,0.0,0.0,0.0,0.0
2293538,0.0,0.0,0.0,0.0,0.0,0.0,0.0,0.0,0.0,0.0,0.0,0.0,0.0,0.0,0.0
3868626,141.60770924886071,104.43858973185216,27.5226542154948,1.395100911458333,23.526205698649097,0.0,0.0,0.0,2.964747111002603,9.852230072021484,46.36948521931967,91.28442637125652,298.49025980631507,49.74837663438584,3484.7363267083506
3871336,168.41736094156914,118.54601160685226,33.76091384887695,9.742212931315104,37.684043884277344,0.0,0.0,1.9069506327311208,11.447104136149084,21.38652801513672,60.74684524536124,105.81567637125652,368.1505432128908,61.35842386881513,4496.64488732123
3899539,55.48924001057945,17.899012247721352,0.0,0.0,0.0,0.0,0.0,0.0,0.0,0.0,21.2708740234375,25.698955535888675,73.38825225830081,12.231375376383468,500.3582269615543
2220957,0.0,0.0,0.0,0.0,0.0,0.0,0.0,0.0,0.0,0.0,0.0,0.0,0.0,0.0,0.0
2232593,0.0,0.0,0.0,0.0,0.0,0.0,0.0,0.0,0.0,0.0,0.0,0.0,0.0,0.0,0.0
1792947,44.76802825927734,33.560904184977225,26.708543141682963,45.271008809407526,61.98040898640945,68.27759933471685,53.73274993896491,45.99981816609703,52.999565124511655,60.40287907918297,33.642894744873075,24.73331960042317,280.5664927164714,46.761082119411896,255.42600449473736
1796236,0.7006645202636719,1.435780843098958,5.8076909383138045,34.9386609395345,18.959252675374348,104.35344568888328,66.75537363688157,26.247937520345044,18.928269704182945,15.295930226643888,2.433424631754557,0.8701248168945312,166.19549560546855,27.699249267578093,1580.5192257817876
1808894,0.0,0.0,0.0,0.0,0.0,20.326997121175133,2.28970464070638,0.0,3.621262868245444,0.0,0.0,0.0,20.326997121175133,3.3878328535291886,68.86446866071034
1809858,0.0,0.0,0.0,0.0,0.0,2.1241467793782545,0.0,0.0,0.0,0.0,0.0,0.0,2.1241467793782545,0.3540244632297091,0.7519999233905017
1816670,53.35054779052741,38.71747970581055,33.98678207397458,49.79688771565762,64.94720586140953,64.19573084513343,58.40495045979805,58.9846000671386,55.48955535888672,61.386765797932966,43.55239995320639,29.801597595214844,304.9946339925131,50.83243899875219,163.15316936056084
2034937,66.46651458740241,47.5220044453939,62.352993011474695,73.04436492919922,80.03851445515951,89.71371587117517,72.35848236083987,80.80670293172199,78.58061981201172,79.95699691772461,56.25462977091469,48.82088470458984,419.1381072998049,69.85635121663415,214.953846619344
3674962,0.0,0.0,0.0,0.0,0.0,0.0,0.0,0.0,0.0,0.0,0.0,0.0,0.0,0.0,0.0
3687238,0.0,0.0,0.0,0.0,0.0,0.0,0.0,0.0,0.0,0.0,0.0,0.0,0.0,0.0,0.0
3687925,0.0,0.0,0.0,0.0,0.0,0.0,0.0,0.0,0.0,0.0,0.0,0.0,0.0,0.0,0.0
3688689,0.0,0.0,0.0,0.0,0.0,0.0,0.0,0.0,0.0,0.0,0.0,0.0,0.0,0.0,0.0
3689147,0.0,0.0,0.0,0.0,0.0,0.0,0.0,0.0,0.0,0.0,0.0,0.0,0.0,0.0,0.0
3621849,0.0,0.0,0.0,0.0,0.0,0.0,0.0,0.0,0.0,0.0,0.0,0.0,0.0,0.0,0.0
3622228,0.0,0.0,0.0,0.0,0.0,0.0,0.0,0.0,0.0,0.0,0.0,0.0,0.0,0.0,0.0
3622247,0.0,0.0,0.0,0.0,0.0,0.0,0.0,0.0,0.0,0.0,0.0,0.0,0.0,0.0,0.0
3623076,0.0,0.0,0.0,0.0,0.0,0.0,0.0,0.0,0.0,0.0,0.0,0.0,0.0,0.0,0.0
3623486,0.0,0.0,0.0,0.0,0.0,0.0,0.0,0.0,0.0,0.0,0.0,0.0,0.0,0.0,0.0
3624370,0.0,0.0,0.0,0.0,0.0,0.0,0.0,0.0,0.0,0.0,0.0,0.0,0.0,0.0,0.0
3624955,0.0,0.0,0.0,0.0,0.0,0.0,0.0,0.0,0.0,0.0,0.0,0.0,0.0,0.0,0.0
3374333,0.0,0.0,0.0,0.0,0.0,0.0,0.0,0.0,1.288434346516927,0.0,0.0,0.0,0.0,0.0,0.0
11919554,0.0,0.0,0.0,6.410321553548182,0.0,10.540162404378258,31.44645436604816,0.0,1.868872324625652,32.98019027709961,6.391755421956372,0.0,16.95048395792644,2.825080659654407,20.86015230584659
3067696,129.83638763427734,138.87462488810206,141.99231592814124,132.97315724690765,132.8429578145345,158.74472173055014,165.0254745483399,166.03147506713862,176.79269663492846,147.68876775105795,130.58348719278976,123.08414967854829,835.2641652425128,139.21069420708548,111.35223021785654
2825297,125.33321380615236,123.228303273519,121.51485824584944,122.55404917399078,124.43703333536772,145.83057785034177,142.15389251708993,166.06174850463862,164.33265431722,142.70121892293292,129.47346115112322,111.27498626708986,762.8980356852211,127.14967261420352,85.57643603522197
2867714,114.33638763427749,115.07970301310226,117.8013165791829,114.51140594482422,111.8104871114096,134.78329594930008,143.36483001708993,162.76698939005527,162.46074676513678,138.0870424906412,102.77733484903963,105.16227467854826,708.3225962320964,118.05376603868274,70.82634032795995
2907911,130.13407643636043,130.29210535685226,127.90507634480772,128.2000452677411,133.0245984395346,151.28484217325848,147.19946543375653,171.46051152547204,167.87464650472015,147.08077621459964,132.1299552917482,111.118573506673,800.8407440185547,133.47345733642578,79.5070222085385
2911298,161.99434661865234,169.80146408081066,165.87048975626638,170.1691207885742,168.55300013224283,191.14234542846697,183.9135767618816,193.28009160359707,189.0055058797201,168.20406723022452,172.15143966674796,149.08650970458984,1027.5307668050134,171.25512780083557,104.17037266460916
2925533,135.3436304728191,139.60623296101886,134.27006657918292,135.5665817260742,144.0744031270345,154.97315597534177,153.0245793660482,173.82940800984704,171.2198613484701,150.71611150105795,138.11148198445645,118.1142603556314,843.8340708414714,140.6390118069119,62.534061684097466
2934246,139.45577239990234,148.38048426310218,137.9255841573079,146.38933563232416,150.20477422078446,164.73381678263345,157.65136973063147,181.53904342651364,171.12651824951172,147.8123842875163,146.54011154174805,121.03060150146484,887.0897674560543,147.84829457600907,92.39605081977928
2950159,158.79545338948566,170.04869715372715,163.59493637084955,162.87322235107422,171.6282768249511,185.39291508992537,187.50854746500647,192.99249394734704,190.7462285359701,161.9601707458496,156.65143966674808,141.72754160563153,1012.333501180013,168.72225019666882,89.43145778710209
220782,0.0,0.0,0.0,0.0,0.0,0.0,0.0,0.0,0.0,0.0,0.0,0.0,0.0,0.0,0.0
223817,0.0,0.0,0.0,0.0,0.0,0.0,0.0,0.0,0.0,0.0,0.0,0.0,0.0,0.0,0.0
225284,0.0,0.0,0.0,0.0,0.0,0.0,0.0,0.0,0.0,0.0,0.0,0.0,0.0,0.0,0.0
2618425,175.83183034261063,176.18663660685215,176.3173484802246,181.3602015177408,177.18597539265954,202.3990186055502,207.77409108479824,220.43536504109656,198.51388804117832,180.3260561625161,186.37490971883156,166.2969589233399,1089.281010945638,181.54683515760632,108.5212047999219
3575635,0.0,0.0,0.0,0.0,0.0,0.0,0.0,0.0,1.777854919433594,0.0,0.0,0.0,0.0,0.0,0.0
3492908,0.0,0.0,0.0,0.0,0.0,0.0,0.3514162699381511,0.7863210042317711,3.606875101725259,0.0,0.0,0.0,0.0,0.0,0.0
2508807,0.0,0.0,0.0,0.0,0.0,0.0,10.974042256673172,22.32851282755533,0.7563234965006509,0.0881004333496093,0.0,0.0,0.0,0.0,0.0
3652462,0.0,0.0,0.0,0.0,0.0,0.0,0.0,0.0,0.0,0.0,0.0,0.0,0.0,0.0,0.0
358619,0.0,0.0,0.0,0.0,0.0,0.0,2.4852994283040366,0.0,0.0,4.552249908447264,0.0,0.0,0.0,0.0,0.0
359796,0.0,0.0,0.0,0.0,0.0,0.0,0.2805023193359375,0.0,0.0,0.9098192850748694,0.0,0.0,0.0,0.0,0.0
360502,0.0,0.0,0.0,0.0,0.0,0.42031987508138,4.821675618489583,1.5211219787597656,0.0,11.46334457397461,0.0,0.0,0.42031987508138,0.0700533125135633,0.0294447995647378
360630,0.0,0.0,0.0,0.0,0.0,0.0,0.0,0.0,0.0,6.8073450724283875,0.0,0.0,0.0,0.0,0.0
361055,0.0,0.0,0.0,0.0,0.0,0.0,1.91779073079427,0.0,0.0,0.8919626871744788,0.0,0.0,0.0,0.0,0.0
361058,0.0,0.0,0.0,0.0,4.238005320231119,20.2893918355306,25.7586352030436,1.3288777669270837,2.2195396423339844,26.779181162516252,3.0268707275390625,0.0,24.52739715576172,4.087899525960286,65.87091498878502
343300,0.0,0.0,0.0,0.096930185953776,0.9598019917805994,2.4142672220865884,1.8196385701497388,1.6391805013020826,0.0,0.0,0.0,0.0,3.470999399820964,0.5784998999701606,0.9502657476847632
2510911,7.874799092610674,0.9025662740071618,0.5809110005696615,27.28858693440754,21.040630340576172,22.869965871175108,40.85392506917321,73.20554733276367,58.14604949951164,39.66052881876628,42.51553471883139,21.13330332438151,80.55745951334632,13.426243252224388,138.39818759306826
3109718,81.65873463948569,44.451773325602176,48.02861150105791,83.03712209065758,71.21380742390951,66.70842615763343,78.62508392333983,113.70636113484696,116.47539520263686,112.30164210001632,102.35350672403963,52.30485280354814,395.0984751383463,65.84974585639105,270.06131493226854
3117735,41.059532165527344,24.327505747477225,19.25370915730794,61.580823262532576,48.94769414265952,49.42986170450845,67.06819915771484,93.13051478068029,91.77479298909508,79.31368637084961,72.50642013549805,33.535321553548165,244.59912618001303,40.766521030002174,261.6696792447014
3128760,49.695030212402344,38.03632736206055,32.41004053751632,68.30909474690752,58.05243047078446,55.5173454284668,75.49935150146484,99.85626347859709,97.85975392659492,97.29358545939122,73.27334721883139,44.47916920979819,302.02026875813795,50.33671145968966,176.4909166647015
344979,0.0,0.0,0.0,0.0,0.0,0.0,0.0,0.0,0.0,0.0,0.0,0.0,0.0,0.0,0.0
658225,173.05676523844397,172.18549728393555,186.54472478230784,193.0407028198246,190.9074109395344,196.40235519409185,308.7889836629232,292.6476046244304,225.31849416097015,217.93323389689172,195.26016362508108,184.55688730875647,1112.1374562581382,185.3562427096897,107.60823353819914
2973783,125.13391367594406,111.45445887247712,118.0586407979329,122.4001592000325,128.4684460957846,142.5181592305501,137.17643483479824,169.87367884318033,161.33306121826175,142.3328921000163,127.38207117716478,106.60530853271484,748.0337778727212,124.6722963121202,111.3425879942575
2988506,122.1999130249022,98.74466069539385,107.17029444376618,127.95028940836578,131.8994356791179,144.63477706909185,127.645347595215,156.97214889526367,155.28089650472003,139.4215965270997,132.7732658386229,99.80135345458984,732.5993703206377,122.09989505343962,281.28979358401114
2990440,78.40181732177734,58.89220301310227,62.23442204793297,79.77515920003258,70.4241752624512,83.88103357950851,98.60807545979814,127.17804082234676,125.97116343180345,116.33305486043304,76.07616297403972,65.14835866292304,433.6088104248049,72.26813507080082,102.3656048437204
2996944,104.35876719156906,71.8921216328939,71.84623845418292,97.42205047607422,90.01108932495117,97.6251742045084,103.04817962646496,144.61301803588867,139.0644251505534,124.41606267293288,106.93993250528963,78.6755396525065,533.1554412841797,88.85924021402995,193.81015060757576
3031580,89.10095469156897,61.198029836018826,66.99996566772461,94.85637664794922,83.53257369995114,84.9658317565919,86.47851816813157,125.13710657755524,130.9990768432619,123.29594548543288,110.18423589070632,60.14567311604829,480.6537322998047,80.10895538330078,172.62432248367222
2399697,0.0,0.0,0.0,0.0,0.0,0.0,0.0,0.0,0.0,0.0,0.0,0.0,0.0,0.0,0.0
2643743,146.43632253011066,138.69046147664378,139.3307762145996,160.88274383544922,160.91147994995114,170.59424972534185,152.65120697021484,175.6786104838054,170.80612436930326,149.49256006876632,161.06127039591476,118.46997324625656,916.8460337320962,152.8076722886827,173.75145653114873
2650225,176.64669036865226,171.38072840372726,169.06433741251615,190.40691375732425,191.97707239786777,195.9936637878416,185.37174733479793,198.93870162963887,190.5494511922201,170.1794090270997,194.56387456258125,151.65975189208984,1095.4694061279292,182.57823435465488,134.55857775416547
2655603,153.29325612386066,149.0994784037272,146.28862126668298,172.90634409586588,169.38551966349291,178.7075309753419,161.96028900146484,181.42047246297207,174.8753789265951,152.0758934020996,170.98591232299805,128.82601165771482,969.6807505289715,161.61345842149527,188.16352305202355
2655984,168.22310638427734,164.94510014851892,161.99801254272464,185.65650685628256,183.50807825724308,191.68222173055037,178.9689153035482,192.2280896504717,184.79749806722023,161.11251449584964,188.39818445841468,140.62508392333976,1056.0130259195969,176.00217098659948,154.8595903399217
2657832,181.6720809936525,177.7608553568522,175.31832504272464,195.03622690836585,199.27801640828457,198.0699170430502,192.2160669962566,204.58469772338867,195.51681772867835,175.16695785522472,197.33137130737305,161.1126327514649,1127.13542175293,187.8559036254883,116.73766231415148
611717,68.802614847819,13.065786997477208,26.97848129272461,70.00440724690758,57.033224741617744,45.741547902425175,64.11401621500649,36.456116994222,39.84323374430339,83.94552230834961,91.76032638549805,46.704266866048194,281.6260630289713,46.93767717149522,531.834957203652
2294877,0.0,0.0,0.0,0.0,0.0,0.0,0.0,0.0,0.0,0.0,0.0,0.0,0.0,0.0,0.0
2294915,0.0,0.0,0.0,0.0,0.0,0.0,0.0,0.0,0.0,0.0,0.0,0.0,0.0,0.0,0.0
2298893,0.0,0.0,0.0,0.0,0.0,0.0,0.0,0.0,0.0,0.0,0.0,0.0,0.0,0.0,0.0
2306104,0.0,0.0,0.0,0.0,0.0,0.0,0.0,0.0,0.0,0.0,0.0,0.0,0.0,0.0,0.0
2413876,0.0,0.0,0.0,0.0,0.0,0.0,0.0,0.0,0.0,0.0,0.0,0.0,0.0,0.0,0.0
2422465,0.0,0.0,0.0,0.0,0.0,0.0,0.0,0.0,0.0,0.0,0.0,0.0,0.0,0.0,0.0
2309527,0.0,0.0,0.0,0.0,0.0,0.0,0.0,0.0,0.0,0.0,0.0,0.0,0.0,0.0,0.0
264371,0.0,0.0,0.0,24.26881154378252,0.3802706400553386,17.05242029825846,56.810549418131416,11.652080535888665,33.3495814005534,18.57760238647461,4.856679280598958,0.0,41.70150248209632,6.950250413682721,118.01379453167924
734077,2.812946319580078,0.0,9.671496073404947,40.2935511271159,47.16408411661787,38.42294438680013,82.58333587646482,58.77268600463867,73.74443817138669,44.81205876668293,24.260651906331375,33.512616475423165,138.36502202351892,23.06083700391982,446.99620634212505
3598132,0.0,0.0,0.0,0.0,0.0,0.0,0.0,0.0,0.2199554443359375,0.0,0.0,0.0,0.0,0.0,0.0
2374688,0.0,0.0,0.0,0.0,0.0,0.0,0.0,0.0,0.0,0.0,0.0,0.0,0.0,0.0,0.0
2374775,0.0,0.0,0.0,0.0,0.0,0.0,0.0,0.0,0.0,0.0,0.0,0.0,0.0,0.0,0.0
3378644,0.0,0.0,0.0,0.0,0.0,0.0,0.0,0.0,0.0,0.0,0.0,0.0,0.0,0.0,0.0
3600949,0.0,0.0,0.0,0.0,0.0,0.0,0.0,0.0,0.0,0.0,0.0,0.0,0.0,0.0,0.0
3186886,85.68510182698567,93.27021408081056,91.48108545939122,91.3724085489909,88.63617070515943,111.60897954305008,130.36743418375656,136.91851933797196,145.39914194742835,124.01493962605772,87.23949305216468,91.53922780354824,562.0539601643878,93.67566002739795,84.22698663130637
3190261,49.122357686360694,59.20755132039383,62.040167490641245,73.86427052815752,76.65798060099284,84.26449712117511,109.51912689208984,110.74713261922224,117.537488301595,106.23686345418302,66.11367925008147,61.81323496500648,405.15682474772126,67.52613745795354,168.34580518231866
3191648,85.33191172281902,83.84003829956055,81.88188298543297,89.5433883666992,85.09165573120126,107.0730094909668,121.0280787150064,140.7834281921387,142.9848353068034,124.36560694376617,83.87661870320636,94.90967051188146,532.7618865966798,88.7936477661133,86.539255325355
3718426,0.0,0.0,0.0,0.0,0.0,0.0,0.3514162699381511,0.7863210042317711,3.606875101725259,0.0,0.0,0.0,0.0,0.0,0.0
721472,92.94315846761064,114.25979741414385,125.36210759480788,117.7683232625325,121.49546432495116,139.0039176940916,166.4483261108398,142.0296847025553,169.18901824951183,139.0860659281413,113.01732508341462,109.42326100667326,710.8327687581376,118.47212812635628,229.62682497034584
3044310,95.17077891031894,109.00987879435212,117.05709457397462,105.67156219482423,107.36029179890944,131.2816683451335,147.70149993896484,145.2260551452637,156.99134572347006,132.32752100626632,102.67137781778963,105.39941660563154,665.551274617513,110.92521243625217,148.83309088276013
1214520,0.0,0.0,0.0,0.0,0.0,0.0,0.0,0.0,0.0,0.0,0.0,0.0,0.0,0.0,0.0
1622786,0.0,0.0,0.0,0.0,0.0,0.0,0.0,0.0,0.0,0.0,0.0,0.0,0.0,0.0,0.0
1625812,0.0,0.0,0.0,0.0,0.0,0.0,0.0,0.0,0.0,0.0,0.0,0.0,0.0,0.0,0.0
1625822,0.0,0.0,0.0,0.0,0.0,0.0,0.0,0.0,0.0,0.0,0.0,0.0,0.0,0.0,0.0
1633070,0.0,0.0,0.0,0.0,0.0,0.0,0.0,0.0,0.0,0.0,0.0,0.0,0.0,0.0,0.0
1633419,0.0,0.0,0.0,0.0,0.0,0.0,0.0,0.0,0.0,0.0,0.0,0.0,0.0,0.0,0.0
1636544,0.0,0.0,0.0,0.0,0.0,0.0,0.0,0.0,0.0,0.0,0.0,0.0,0.0,0.0,0.0
1642911,0.0,0.0,0.0,0.0,0.0,0.0,0.0,0.0,0.0,0.0,0.0,0.0,0.0,0.0,0.0
1645528,0.0,0.0,0.0,0.0,0.0,0.0,0.0,0.0,0.0,0.0,0.0,0.0,0.0,0.0,0.0
1650213,0.0,0.0,0.0,0.0,0.0,0.0,0.0,0.0,0.0,0.0,0.0,0.0,0.0,0.0,0.0
1650357,0.0,0.0,0.0,0.0,0.0,0.0,0.0,0.0,0.0,0.0,0.0,0.0,0.0,0.0,0.0
1650527,0.0,0.0,0.0,0.0,0.0,0.0,0.0,0.0,0.0,0.0,0.0,0.0,0.0,0.0,0.0
2963398,153.29325612386066,149.0994784037272,146.28862126668298,172.90634409586588,169.38551966349291,178.7075309753419,161.96028900146484,181.42047246297207,174.8753789265951,152.0758934020996,170.98591232299805,128.82601165771482,969.6807505289715,161.61345842149527,188.16352305202355
2964574,158.9241154988607,157.01093673706055,154.98718897501632,179.12753550211596,178.25059127807614,186.77287928263357,169.19816335042313,186.08510462443024,179.93104298909498,156.9625307718913,178.51642990112316,135.42309824625653,1015.0732472737632,169.17887454562722,189.0887269884462
2965367,163.91418711344394,161.34508387247718,158.91012191772455,182.71493784586585,180.20322799682603,190.6176058451334,175.59594980875656,190.4570935567217,183.31662241617835,160.0226707458496,185.48941167195628,138.14770762125664,1037.705164591471,172.95086076524515,174.70915775478096
281184,0.0,0.0,0.0,0.0,0.0,0.0,10.330731709798174,0.0,0.0,9.079311370849606,0.0,0.0,0.0,0.0,0.0
1252926,0.0,0.0,0.0,0.0,0.0,0.0,0.0,0.0,0.0,0.0,0.0,0.0,0.0,0.0,0.0
1253102,0.0,0.0,0.0,0.0,0.0,0.0,0.0,0.0,0.0,0.0,0.0,0.0,0.0,0.0,0.0
1253184,0.0,0.0,0.0,0.0,0.0,0.0,0.0,0.0,0.0,0.0,0.0,0.0,0.0,0.0,0.0
1253405,0.0,0.0,0.0,0.0,0.0,0.0,0.0,0.0,0.0,0.0,0.0,0.0,0.0,0.0,0.0
1253914,0.0,0.0,0.0,0.0,0.0,0.0,0.0,0.0,0.0,0.0,0.0,0.0,0.0,0.0,0.0
1254163,0.0,0.0,0.0,0.0,0.0,0.0,0.0,0.0,0.0,0.0,0.0,0.0,0.0,0.0,0.0
1254360,0.0,0.0,0.0,0.0,0.0,0.0,0.0,0.0,0.0,0.0,0.0,0.0,0.0,0.0,0.0
1255364,0.0,0.0,0.0,0.0,0.0,0.0,0.0,0.0,0.0,0.0,0.0,0.0,0.0,0.0,0.0
1255634,0.0,0.0,0.0,0.0,0.1180191040039062,48.1684684753418,51.44710540771485,54.231670379638665,28.40996551513672,21.160935719807934,2.987373352050784,0.0,48.2864875793457,8.047747929890951,386.32356066210434
1256237,0.0,0.0,0.0,0.0,0.0,21.73218917846682,22.223147074381497,21.511130015055343,13.946830749511737,0.0,0.0,0.0,21.73218917846682,3.6220315297444703,78.71467441477839
1256523,0.0,0.0,0.0,0.0,0.0,0.0,0.0,0.772721608479818,0.0,0.0,0.0,0.0,0.0,0.0,0.0
1258526,0.0,0.0,0.0,0.0,0.0,0.0,0.0,0.0,0.0,0.0,0.0,0.0,0.0,0.0,0.0
1258847,0.0,0.0,0.0,0.0,0.0,0.0,0.0,0.0,0.0,0.0,0.0,0.0,0.0,0.0,0.0
1258980,0.0,0.0,0.0,0.0,0.0,0.0,0.0,0.0,0.0,0.0,0.0,0.0,0.0,0.0,0.0
1259148,0.0,0.0,0.0,0.0,0.0,0.0,0.0,0.0,0.0,0.0,0.0,0.0,0.0,0.0,0.0
1259184,0.0,0.0,0.0,0.0,0.0,0.0,0.0,0.0,0.0,0.0,0.0,0.0,0.0,0.0,0.0
1259229,0.0,0.0,0.0,0.0,0.0,0.0,0.0,0.0,0.0,0.0,0.0,0.0,0.0,0.0,0.0
1259395,0.0,0.0,0.0,0.0,0.0,0.0,0.0,0.0,0.0,0.0,0.0,0.0,0.0,0.0,0.0
1260086,0.0,0.0,0.0,0.0,0.0,0.0,0.0,0.0,0.0,0.0,0.0,0.0,0.0,0.0,0.0
1260107,0.0,0.0,0.0,0.0,0.0,15.087169647216797,12.765220642089844,9.765036265055336,8.04855600992838,0.0,0.0,0.0,15.087169647216797,2.514528274536133,37.93711466064997
1260476,0.0,0.0,0.0,0.0,0.0,6.915903727213553,6.097220102945966,0.2232666015625,7.243787129720049,0.0,0.0,0.0,6.915903727213553,1.1526506212022587,7.971620727347717
1260607,0.0,0.0,0.0,0.0,0.0,0.0,0.0,0.0,0.0,0.0,0.0,0.0,0.0,0.0,0.0
1261529,0.0,0.0,0.0,0.0,0.0,0.0,0.0,0.0,0.0,0.0,0.0,0.0,0.0,0.0,0.0
1261731,0.0,0.0,0.0,0.0,0.0,0.0,0.0,0.0,0.0,0.0,0.0,0.0,0.0,0.0,0.0
1261977,0.0,0.0,0.0,0.0,0.0,0.0,0.0,0.0,0.0,0.0,0.0,0.0,0.0,0.0,0.0
1262180,0.0,0.0,0.0,0.0,0.0,0.0,0.0,0.0,0.0,0.0,0.0,0.0,0.0,0.0,0.0
1262321,0.0,0.0,0.0,0.0,0.0,0.0,0.0,0.0,0.0,0.0,0.0,0.0,0.0,0.0,0.0
1263364,0.0,0.0,0.0,0.0,0.0,0.577008565266927,0.6236012776692709,0.0,0.0,0.0,0.0,0.0,0.577008565266927,0.0961680942111545,0.0554898140652329
1263780,0.0,0.0,0.0,0.0,0.0,0.0,0.0,0.0,0.0,0.0,0.0,0.0,0.0,0.0,0.0
1264521,0.0,0.0,0.0,0.0,0.0,0.0,0.0,0.0,0.0,0.0,0.0,0.0,0.0,0.0,0.0
1264527,0.0,0.0,0.0,0.0,0.0,0.0,0.0,0.0,0.0,0.0,0.0,0.0,0.0,0.0,0.0
1264728,0.0,0.0,0.0,0.0,0.0,19.257335662841797,17.94197845458985,14.613831837972011,9.214083353678385,0.0,0.0,0.0,19.257335662841797,3.2095559438069663,61.80749613855976
1264733,0.0,0.0,0.0,0.0,0.0,0.0,0.0,0.0,0.0011037190755208,0.0,0.0,0.0,0.0,0.0,0.0
1266366,0.0,0.0,0.0,0.0,0.0,0.0,0.0,2.6603965759277344,0.2584279378255209,0.0,0.0,0.0,0.0,0.0,0.0
1269300,0.0,0.0,0.0,0.0,0.0,0.0,0.0,0.0,0.0,0.0,0.0,0.0,0.0,0.0,0.0
1269515,0.0,0.0,0.0,0.0,0.0,0.0,0.0,0.0,0.0,0.0,0.0,0.0,0.0,0.0,0.0
1269633,0.0,0.0,0.0,0.0,0.0,0.0,0.0,0.0,0.0,0.0,0.0,0.0,0.0,0.0,0.0
1269655,0.0,0.0,0.0,0.0,0.0,0.0,0.3790486653645832,5.456116994222005,1.1224428812662763,0.0,0.0,0.0,0.0,0.0,0.0
1269743,0.0,0.0,0.0,0.0,0.0,0.0,0.0,0.0,0.0,0.0,0.0,0.0,0.0,0.0,0.0
1269771,0.0,0.0,0.0,0.0,0.0,0.0,0.0,0.6700363159179691,0.0,0.0,0.0,0.0,0.0,0.0,0.0
1269843,0.0,0.0,0.0,0.0,0.0,0.0,0.0,0.0,0.0,0.0,0.0,0.0,0.0,0.0,0.0
1270022,0.0,0.0,0.0,0.0,0.0,6.78566487630208,4.287475585937503,0.1617342631022135,2.771832784016926,0.0,0.0,0.0,6.78566487630208,1.1309441460503469,7.674207968913288
1270351,0.0,0.0,0.0,0.0,0.0,12.506359100341813,12.89904657999674,7.368389129638691,11.68389129638671,0.0,0.0,0.0,12.506359100341813,2.084393183390302,26.068169657783734
1271476,0.0,0.0,0.0,0.0,0.0,0.0,0.0,3.1630617777506465,0.0623995463053385,0.0,0.0,0.0,0.0,0.0,0.0
1273099,0.0,0.0,0.0,0.0,0.0,0.0,0.0,0.0,0.0,0.0,0.0,0.0,0.0,0.0,0.0
1273294,0.0,0.0,0.0,0.0,0.0,3.165623982747397,3.0907681783040375,0.0,4.096295674641929,0.0,0.0,0.0,3.165623982747397,0.5276039971245662,1.6701958666909154
1273313,0.0,0.0,0.0,0.0,0.0,14.754161834716816,14.8870023091634,9.22768274943034,12.690483093261731,0.0,0.0,0.0,14.754161834716816,2.459026972452803,36.28088190750238
1273865,0.0,0.0,0.0,0.0,0.0,0.0,0.0,0.0,0.0,0.0,0.0,0.0,0.0,0.0,0.0
1273874,0.0,0.0,0.0,0.0,0.0,0.0,0.0,0.0,0.0,0.0,0.0,0.0,0.0,0.0,0.0
1274056,0.0,0.0,0.0,0.0,0.0,0.0,0.0,0.0,0.0,0.0,0.0,0.0,0.0,0.0,0.0
1274746,0.0,0.0,0.0,0.0,0.0,19.090831756591797,18.285077412923176,16.715312957763672,11.20203908284504,0.0,0.0,0.0,19.090831756591797,3.1818052927652993,60.74330952641564
1275004,0.0,0.0,0.0,0.0,0.0,0.0,0.0,0.0,0.0,0.0,0.0,0.0,0.0,0.0,0.0
1275339,0.0,0.0,0.0,0.0,0.0,0.0,0.0,0.0,0.0,0.0,0.0,0.0,0.0,0.0,0.0
1275389,0.0,0.0,0.0,0.0,0.0,0.0,0.0,0.0,0.0,0.0,0.0,0.0,0.0,0.0,0.0
1275817,0.0,0.0,0.0,0.0,0.0,0.0,0.0,0.0,0.0,0.0,0.0,0.0,0.0,0.0,0.0
1275841,0.0,0.0,0.0,0.0,0.0,0.0,0.0,0.0,0.0,0.0,0.0,0.0,0.0,0.0,0.0
1276533,0.0,0.0,0.0,0.0,0.0,0.0,0.0,0.0,0.0,0.0,0.0,0.0,0.0,0.0,0.0
1277333,0.0,0.0,0.0,0.0,0.0,0.0,0.0,0.0,0.0,0.0,0.0,0.0,0.0,0.0,0.0
1278314,0.0,0.0,0.0,0.0,0.0,0.0,0.0,0.0,0.0,0.0,0.0,0.0,0.0,0.0,0.0
1278718,0.0,0.0,0.0,0.0,0.0,0.0,0.0,0.0,0.0,0.0,0.0,0.0,0.0,0.0,0.0
1278994,0.0,0.0,0.0,0.0,0.0,0.0,0.0,0.0,0.0,0.0,0.0,0.0,0.0,0.0,0.0
1279186,0.0,0.0,0.0,0.0,0.0,0.0,0.0,0.6975504557291664,0.0,0.0,0.0,0.0,0.0,0.0,0.0
1279233,0.0,0.0,0.0,0.0,0.0,0.0,0.0,0.0,0.0,0.0,0.0,0.0,0.0,0.0,0.0
1279259,0.0,0.0,0.0,0.0,0.0,0.0825424194335937,0.1139984130859375,0.0,0.0,0.0,0.0,0.0,0.0825424194335937,0.0137570699055989,0.0011355418343252
111822,0.0,0.0,0.0,0.0,0.2095489501953125,20.498546600341797,0.0,18.753724416097004,0.0,12.36760584513346,0.0,0.0,20.70809555053711,3.4513492584228516,69.75269065344328
112931,4.182188669840493,0.0,0.0,0.0,33.80592981974285,32.3884391784668,9.435142517089842,28.93569056193032,4.738660176595052,52.35014470418296,14.59301884969076,0.0,70.37655766805014,11.729426278008356,276.7731881194733
113646,20.17086029052735,0.0,0.4842961629231769,12.834321339925134,43.44801966349288,28.354503631591765,24.145510355631497,16.261211395263672,14.37570444742838,57.99866358439132,41.9554761250814,2.4998842875162763,105.29200108846032,17.548666848076717,283.15839837886926
115019,0.0,0.0,0.0,0.0,0.0,4.650914510091146,0.0,0.2469571431477865,0.0,1.4391708374023438,0.0,0.0,4.650914510091146,0.7751524183485244,3.605167630029394
118743,14.108604431152363,0.0,0.041113535563151,0.0,43.30674362182619,35.849702199300125,17.545900980631494,23.98850631713867,13.480115254720026,59.94120915730789,24.939754486083984,2.5075709025065107,93.30616378784184,15.551027297973638,381.74458001773974
124665,5.9650891621907585,2.9841016133626286,0.0,14.69735972086588,15.591411590576172,53.27206548055008,32.50854746500648,49.57208379109692,26.041069030761747,27.528448740641288,5.435855865478516,3.8118515014648433,92.51002756754552,15.418337927924254,383.03074862181063
132892,12.814414978027331,2.2753957112630214,0.0,4.550712585449219,15.65700403849281,44.4221305847168,15.313234965006544,32.82330449422203,18.172498067220047,39.506638844807945,6.124537150065105,7.520347595214844,79.71965789794919,13.286609649658198,269.8718254319923
141681,0.0,0.0,0.0,0.0,0.0,0.0,0.0,0.0,0.0,0.0,0.0,0.0,0.0,0.0,0.0
418863,0.0,0.0,0.0,0.0,6.976095835367833,19.24472173055013,0.1739540100097656,19.482809702555343,0.0,28.89832178751625,0.5489031473795574,0.0,26.22081756591796,4.370136260986327,60.88733639060389
2523920,0.9830983479817712,2.907826741536459,0.7434336344401052,13.955660502115911,25.44289271036782,25.803966522216825,58.748049418131565,69.09845097859693,56.07736460367829,13.61023585001627,15.776521046956386,0.0,69.83687845865889,11.639479743109815,141.01112758982524
3164603,86.78503672281903,78.18647384643553,79.31368637084961,89.62916310628259,88.72699101765954,108.81625493367522,121.0886255900064,145.73313522338864,143.00501759847003,119.74890772501617,86.31615320841473,90.86312103271484,531.4576059977215,88.57626766628692,121.5480254173395
3165523,94.85038503011066,75.79991785685222,75.79944483439127,96.60719045003252,87.4353243509928,104.1339632670084,115.26855723063171,148.490540822347,139.47059377034503,125.13757960001652,90.19619878133136,82.14689381917317,534.6262257893878,89.10437096489797,134.40257421472208
3169070,27.948610941569022,38.24824142456055,45.32922999064127,54.43629201253251,49.89373906453447,61.226411183675154,91.48624928792324,109.9423637390134,105.86707814534512,84.46521631876634,54.2389233907064,55.23885345458977,277.082524617513,46.1804207695855,140.87457095787167
3172391,12.789187113443992,23.704377492268893,33.24003728230793,29.440523783365897,23.164816538492843,43.80657068888343,75.19661712646486,90.17885462443036,86.24736785888672,50.46562321980801,25.464021046956372,9.208091735839844,166.145512898763,27.6909188164605,110.40155797403126
3173435,91.83313242594404,76.6627108256022,74.67680486043294,91.61459604899092,84.0497449239095,101.4598096211752,114.84220631917312,148.838685353597,139.5462773640952,123.15971501668288,83.17528406778973,83.51172129313144,520.2967987060548,86.7161331176758,104.13619370367826
3489854,0.0,0.0,0.0,0.0,0.0,0.0,0.4321454366048176,0.8065032958984375,3.281435648600259,0.0,0.0,0.0,0.0,0.0,0.0
250441,0.0,0.0,0.0,0.0,0.0,0.0,14.013999938964826,0.0,0.0,11.972947438557936,0.0,0.0,0.0,0.0,0.0
1848354,24.759651184082056,18.626993815104168,37.764260609944664,25.444430033365897,23.34965006510417,66.5595817565918,63.38997650146476,67.12563196818039,9.429663340250652,63.8590965270996,14.30341084798178,16.221871693929025,196.50456746419275,32.75076124403213,314.65470677553645
1849927,3.216631571451829,0.2324117024739581,2.352892557779948,3.914970397949219,0.8165550231933594,35.36784998575847,33.318361918131515,37.48793665568034,13.874379475911446,30.90645980834961,15.819408416748049,11.36759694417317,45.90131123860678,7.650218539767796,186.3320685909917
1850147,24.464485168457028,18.657267252604168,38.188088734944664,25.69670867919922,21.560994466145843,65.70940272013353,57.88021087646485,64.8475557963054,10.297501881917318,65.59729639689124,13.397730509440114,13.381214141845687,194.27694702148443,32.379491170247405,311.4538023210947
1852225,2.280914306640625,0.0409558614095052,6.483364105224609,7.842948913574218,7.257504781087237,46.64722824096683,36.94108327229818,40.46734746297201,18.756562550862633,41.29781723022461,20.496654510498058,12.10929616292318,70.55291620890303,11.758819368150505,301.5532771708562
1853909,7.922653198242187,6.341023763020831,18.050340016682934,20.073417663574215,13.649536132812516,49.9016227722168,44.90047454833981,53.80027389526367,18.503692626953132,46.89588038126626,16.415613810221345,16.483807881673183,115.93859354654948,19.323098924424915,253.5845534319767
1856057,3.501627604166665,3.977961222330728,15.875698089599588,12.583264668782544,8.656192779541023,42.868094126383454,35.190269470214844,44.879700978596986,13.041859944661462,43.177293141682945,18.90225346883138,15.908612569173163,87.46283849080399,14.577139748467332,215.2214117816696
1857516,7.516563415527354,11.436066945393884,26.81197738647458,13.365328470865885,12.948201497395823,43.8999137878418,36.19938405354816,46.43626022338864,14.240183512369804,50.72547022501625,30.703848520914725,30.23803965250652,115.97805150349932,19.32967525058322,187.56735402103723
1860827,1.3867047627766924,0.0,3.544830322265625,13.64031219482422,10.428016662597653,54.19792811075851,50.377443949381494,49.81174850463862,17.818085988362633,24.281622568766263,8.861248016357418,1.231316884358724,83.1977920532227,13.866298675537116,418.61207962883583
2128295,39.66947682698569,40.32449467976888,64.5478172302247,42.00652313232422,78.26499557495119,78.6084098815918,82.37899017333984,74.72931035359701,61.30962371826164,77.33582178751627,57.801097869873125,50.309328715006544,343.4217173258465,57.23695288764108,355.7959878091293
178440,0.0,0.0,0.0,0.0,0.0,0.0,0.0,0.0,0.0,0.0,0.0,0.0,0.0,0.0,0.0
184745,3.8918711344401022,0.0,0.0,0.0,0.0,1.3067639668782556,0.0,0.0,0.0,0.0,1.667088826497397,0.0,5.198635101318358,0.8664391835530596,2.4699983678885853
186301,0.0,0.0,0.0,0.0,0.0,0.0,0.0,0.0,0.0,0.0,1.3102327982584638,0.0,0.0,0.0,0.0
191245,0.0,0.0,0.0,0.0,0.0,0.0,0.0,0.0,0.0,0.0,0.0,0.0,0.0,0.0,0.0
1528675,13.52079518636068,63.829296112060554,23.28764470418292,71.38689422607418,53.407980600992815,114.61614100138364,112.9198430379234,71.02333704630533,88.66672007242829,97.2986310323078,91.82339604695647,42.34993743896482,340.0487518310548,56.67479197184247,1322.4947814721904
1821306,0.0,0.0,0.0,0.0,0.0,0.0,0.0,0.0,0.0,0.0,0.0,0.0,0.0,0.0,0.0
921772,0.0,0.0,0.0,0.0,0.0,0.0,0.0,0.0,0.0,0.0,0.0,0.0,0.0,0.0,0.0
1833747,7.919263203938809,6.819367726643886,18.4110984802246,12.651379903157544,24.53216679890952,55.827648162841726,44.96354420979816,50.16746139526378,35.96318817138672,44.024949391682895,25.363109588623047,15.086184183756544,126.16092427571608,21.026820712619347,334.80696762934684
1835848,26.886517842610665,23.631216684977225,34.79659652709962,22.12696584065756,48.60964075724287,67.73015467325853,49.814862569173194,57.31451543172196,49.15483856201171,53.480353037516196,30.850170135498047,17.31885019938152,223.7810923258465,37.29684872097442,317.13329408339666
1843137,26.402142842610697,22.321890513102204,37.788621266682945,22.30103810628256,48.72064336140957,66.68824386596673,53.10709889729813,61.12644577026367,54.15500132242836,54.38098780314126,37.78278732299804,21.98852793375651,224.2225799560547,37.37042999267578,312.4769746133262
1846677,8.288338979085292,5.800161997477215,15.976609547932949,13.176119486490895,26.636170705159465,55.91846847534193,39.85742441813152,46.98370488484702,37.13628387451172,43.71716944376629,24.47004318237305,11.735923767089854,125.79586919148775,20.965978198581293,346.02557502409593
6811692,19.53259531656901,17.86412684122722,27.306443532307966,17.207532246907554,42.38340377807618,63.688650767008525,45.84651947021485,52.18064498901367,45.21676890055341,50.90963363647461,30.30777104695641,16.266848246256544,187.98275248209643,31.33045874701607,341.08032251167134
11982755,9.310185750325523,5.5705884297688835,13.688442230224624,12.75733693440757,28.42482630411778,57.3312288920083,40.94222259521485,46.32525761922198,38.41533660888672,42.624802907307945,23.93773523966472,9.904380798339846,127.08260854085268,21.18043475680878,374.2019536540297
1526041,103.45308685302734,124.56790288289385,114.9858868916832,107.99504852294908,128.47349166870117,166.15414555867517,158.5520044962565,149.01780319213862,161.6711146036784,143.85917790730792,156.38402430216473,128.6115748087564,745.6295623779298,124.27159372965497,511.29047940678095
1651944,0.0,0.0,0.0,0.0,0.0,0.0,0.0,0.0,0.0,0.0,0.0,0.0,0.0,0.0,0.0
276781,0.0,0.0,0.0,2.178229014078775,0.0,4.821557362874349,21.35026295979816,0.0,0.0,25.61869939168293,0.1668192545572916,0.0,6.999786376953123,1.1666310628255203,3.9651857641532025
3576812,0.0,0.0,0.0,0.0,0.0,0.0,0.0,0.0,0.0,0.0,0.0,0.0,0.0,0.0,0.0
1226260,0.0,0.0,0.0,0.0,0.0,0.0,0.0,0.0,0.0,0.0,0.0,0.0,0.0,0.0,0.0
1241622,0.0,0.0,0.0,0.0,0.0,0.0,0.0,0.0,0.0,0.0,0.0,0.0,0.0,0.0,0.0
1242833,0.0,0.0,0.0,0.0,0.0,0.0,0.0,0.0,0.0,0.0,0.0,0.0,0.0,0.0,0.0
1248991,0.0,0.0,0.0,0.0,0.0,0.0,0.0,0.0,0.0,0.0,0.0,0.0,0.0,0.0,0.0
2274895,0.0,0.0,0.0,0.0,0.0,0.0,0.0,0.0,0.0,0.0,0.0,0.0,0.0,0.0,0.0
932505,44.8614501953125,24.693467458089184,28.02662022908531,7.256598154703779,0.0,0.0,0.0,0.0,0.0,0.0,37.050312042236335,22.77760823567708,104.83813603719078,17.47302267286513,325.72551580313694
598316,165.0746688842773,175.0211092631023,175.50501124064138,178.02507781982422,177.8444226582843,181.42709477742517,217.51961517333984,226.33363978068027,210.68380991617855,181.69845199584964,172.73420333862305,173.2699406941731,1052.8973846435547,175.48289744059244,31.183584687014267
2210247,0.0,0.0,0.0,8.14820607503256,13.545431772867833,16.568045298258475,42.47859954833986,40.68430709838867,32.13359832763668,9.23824691772461,0.0,0.0,38.261683146158866,6.376947191026478,56.07587525938335
2530335,0.9646504720052088,0.0,0.0,3.861361185709634,9.975688934326172,17.708344777425133,34.206382751464844,66.15940475463867,46.38986460367841,29.448289235432927,29.200267791748047,8.62245051066081,32.51004536946615,5.418340894911025,50.557999377890226
2534515,0.0,0.0,0.0,0.0,0.0,1.2434972127278645,18.204348246256508,36.039857228597015,3.6321029663085938,2.315720876057942,0.0,0.0,1.2434972127278645,0.207249535454644,0.2577142196769946
2538475,0.0,0.0,3.0066490173339875,0.0,0.9850298563639318,14.66838709513346,30.550865173339844,58.33372116088867,35.20382944742839,17.351528167724624,16.167552947998068,3.3195927937825496,18.66006596883138,3.1100109948052297,33.42775835543702
2546917,0.0,0.0,2.4802144368489585,0.0,0.6747271219889326,11.028006235758475,30.510500590006483,55.90175501505532,30.665336608886676,14.22831853230795,12.41869227091471,1.9244918823242188,14.182947794596366,2.3638246324327277,18.939528104090993
2553604,0.0,0.0,2.4802144368489585,0.0,0.6747271219889326,11.028006235758475,30.510500590006483,55.90175501505532,30.665336608886676,14.22831853230795,12.41869227091471,1.9244918823242188,14.182947794596366,2.3638246324327277,18.939528104090993
618426,103.61202239990234,103.17215092976872,122.00427881876634,121.15390268961592,115.9049695332846,130.41130701700868,172.10189056396493,140.21075566609696,147.87904103597006,137.1258608500163,103.06493250528976,109.39803314208986,696.2586313883465,116.0431052313911,117.6626860437838
3193044,28.70040130615238,40.644888559977225,39.32752100626628,54.04273732503251,52.74953333536782,64.71542485555008,105.42212168375654,88.57688522338862,96.4469935099285,75.75655746459961,30.411205291748047,56.399335225423194,280.1805063883463,46.69675106472439,166.01429771926837
1069129,0.0,0.0,0.0,0.0,0.0,0.0,0.0,0.0,0.0,0.0,0.0,0.0,0.0,0.0,0.0
1070940,21.78867594401042,0.0,0.0,0.0,0.0,0.0,0.0,0.0,0.0,0.0,0.0,1.626803080240886,21.78867594401042,3.631445990668403,79.12439989884975
2455518,0.0,0.0,0.0,0.0,0.0,0.0,0.0,0.0,0.2199554443359375,0.0,0.0,0.0,0.0,0.0,0.0
2457163,0.0,0.0,0.0,0.0,0.0,0.0,0.0,0.0,3.2759564717610727,0.0,0.0,0.0,0.0,0.0,0.0
2460596,0.0,0.0,0.0,0.0,0.0,0.0,0.0,0.0,0.0,0.0,0.0,0.0,0.0,0.0,0.0
1298824,0.0,0.0,0.0,0.0,0.0,0.0,0.0,0.0,0.0,0.0,0.0,0.0,0.0,0.0,0.0
1311874,0.0,0.0,0.0,0.0,0.0,0.0,0.0,0.0,0.0,0.0,0.0,0.0,0.0,0.0,0.0
2028462,102.28251393636052,99.44347254435225,89.46790186564124,126.70403289794922,111.50018437703432,86.05315272013353,103.31054941813144,129.7058728535968,134.00119272867846,123.03105290730772,99.08145268758123,96.28963470458991,615.4512583414711,102.57520972357852,223.3057231672621
2377450,0.0,0.0,0.0,0.0,0.0,0.0,0.4321454366048176,0.8065032958984375,3.281435648600259,0.0,0.0,0.0,0.0,0.0,0.0
2377457,0.0,0.0,0.0,0.0,0.0,0.0,1.0367863972981777,0.3282381693522136,9.854871114095053,0.0,0.0,0.0,0.0,0.0,0.0
934154,10.185553232828775,0.0,1.017353057861328,0.0,0.0,0.0,0.0,0.0,0.0,0.0,0.0,0.0,11.202906290690104,1.867151048448351,16.772596735359578
1282027,0.0,0.0,0.0,0.0,0.0,0.0,0.0,0.0,0.0,0.0,0.0,0.0,0.0,0.0,0.0
235715,0.0,0.0,0.0,0.0,0.0,0.0,0.0,0.0,0.0,0.0,0.0,0.0,0.0,0.0,0.0
923295,0.0,0.0,0.0,0.0,0.0,0.0,0.0,0.0,0.0,0.0,0.0,0.0,0.0,0.0,0.0
927967,0.0,0.0,0.0,0.0,0.0,0.0,0.0,0.0,0.0,0.0,0.0,0.0,0.0,0.0,0.0
3514783,0.0,0.0,0.0,0.0,0.0,0.0,0.7096125284830732,0.8823445638020837,4.791638692220053,0.0,0.0,0.0,0.0,0.0,0.0
3516355,0.0,0.0,0.0,0.0,0.0,0.0,2.5884183247884107,2.80277633666992,13.558321634928411,0.0,0.0,0.0,0.0,0.0,0.0
3523349,0.0,0.0,0.0,0.0,0.0,0.0,1.0367863972981777,0.3282381693522136,9.854871114095053,0.0,0.0,0.0,0.0,0.0,0.0
3530597,0.0,0.0,0.0,0.0,0.0,0.0,0.6919530232747398,0.791642506917318,5.603975931803383,0.0,0.0,0.0,0.0,0.0,0.0
3531673,0.0,0.0,0.0,0.0,0.0,0.0,1.3445663452148444,0.5789794921875,10.430066426595058,0.0,0.0,0.0,0.0,0.0,0.0
3985606,0.0,0.0,0.0,0.0,0.0,0.0,2.2252553304036464,2.1318728129069013,12.821667989095058,0.0,0.0,0.0,0.0,0.0,0.0
3995465,0.0,0.0,0.0,0.0,0.0,0.0,11.20866139729818,17.610902150472008,4.0410308837890625,0.0419807434082031,0.0,0.0,0.0,0.0,0.0
3996069,0.0,0.0,0.0,0.0,0.3997433980305988,2.3418553670247393,28.62345631917317,52.879456837971965,25.13791147867837,11.10510889689128,5.497782389322921,0.0,2.741598765055338,0.456933127509223,0.8782708092478935
3996322,0.0,0.0,0.0,0.0,0.0,0.0,5.113609313964842,6.221033732096344,15.26120249430338,0.0,0.0,0.0,0.0,0.0,0.0
4004898,0.0,0.0,0.0,0.0,0.0,1.2485427856445317,16.811770121256522,34.53123092651365,2.63812510172526,1.566453297932944,0.0,0.0,1.2485427856445317,0.2080904642740886,0.2598098479308344
4005270,0.0,0.0,0.0,0.0,0.0,0.0,1.0367863972981777,0.3282381693522136,9.854871114095053,0.0,0.0,0.0,0.0,0.0,0.0
4005539,0.0,0.0,0.0,0.0,0.0,0.0,0.7297159830729171,0.3181470235188802,9.211560567220053,0.0,0.0,0.0,0.0,0.0,0.0
1037021,0.0,0.0,0.0,0.0,0.0,0.0,0.0,0.0,0.0,0.0,0.0,0.0,0.0,0.0,0.0
1040652,23.41764704386394,14.485682169596348,14.460336049397792,0.9825070699055994,0.0,0.0,0.0,0.0,0.0,0.0,25.19936498006184,23.12322998046875,53.34617233276368,8.89102872212728,98.79709387346507
1052373,0.740950266520182,0.0,0.2454592386881509,0.0,0.0,0.0,0.0,0.0,0.0,0.0,0.0,1.596529642740886,0.9864095052083328,0.1644015842013888,0.0894180499972274
3352136,62.84379323323562,0.0,18.51630655924479,0.0,0.0,0.0,0.0,0.0,0.0,0.8543574015299475,29.112206776936873,54.608472188313755,81.36009979248041,13.56001663208007,637.7903300327749
2440485,0.0,0.0,0.0,0.0,0.0,0.0,0.0,0.0,0.0,0.0,0.0,0.0,0.0,0.0,0.0
2322911,0.0,0.0,0.0,0.0,0.0,0.0,0.0,0.0,0.0,0.0,0.0,0.0,0.0,0.0,0.0
2324774,0.0,0.0,0.0,0.0,0.0,0.0,0.0,0.0,0.0,0.0,0.0,0.0,0.0,0.0,0.0
2331447,0.0,0.0,0.0,0.0,0.0,0.0,0.0,0.0,0.0,0.0,0.0,0.0,0.0,0.0,0.0
2331939,0.0,0.0,0.0,0.0,0.0,0.0,0.0,0.0,0.0,0.0,0.0,0.0,0.0,0.0,0.0
2332459,0.0,0.0,0.0,0.0,0.0,0.0,0.0,0.0,0.0,0.0,0.0,0.0,0.0,0.0,0.0
2335204,0.0,0.0,0.0,0.0,0.0,0.0,0.0,0.0,0.0,0.0,0.0,0.0,0.0,0.0,0.0
2335727,0.0,0.0,0.0,0.0,0.0,0.0,0.0,0.0,0.0,0.0,0.0,0.0,0.0,0.0,0.0
2339354,0.0,0.0,0.0,0.0,0.0,0.0,0.0,0.0,0.0,0.0,0.0,0.0,0.0,0.0,0.0
2343279,0.0,0.0,0.0,0.0,0.0,0.0,0.0,0.0,0.0,0.0,0.0,0.0,0.0,0.0,0.0
2346229,0.0,0.0,0.0,0.0,0.0,0.0,0.0,0.0,0.0,0.0,0.0,0.0,0.0,0.0,0.0
2347283,0.0,0.0,0.0,0.0,0.0,0.0,0.0,0.0,0.0,0.0,0.0,0.0,0.0,0.0,0.0
2352778,0.0,0.0,0.0,0.0,0.0,0.0,0.0,0.0,0.0,0.0,0.0,0.0,0.0,0.0,0.0
3617763,0.0,0.0,0.0,0.0,0.0,0.0,0.0,0.0,0.0,0.0,0.0,0.0,0.0,0.0,0.0
2747891,145.75517018636071,153.1712557474772,142.54228337605792,154.45972951253253,152.54087448120117,170.37729008992517,158.90014902750653,176.2311007181802,170.76828257242846,147.93852361043295,156.8507397969564,122.9504419962564,918.8466033935548,153.14110056559244,93.21461713796684
2759793,149.02722422281906,155.07848230997723,147.3431460062662,161.31161753336585,155.67669804890954,174.63575363159168,163.9684270222982,178.9279594421388,173.84103647867835,151.5587221781413,162.57494227091476,125.9550806681314,943.0729217529296,157.17882029215494,98.33626653264687
3143244,181.64685312906897,177.73562749226892,184.29187647501624,196.24716440836585,197.34303919474297,209.18026860555045,250.32593027750605,302.52935918172193,228.55775197347043,193.409226735433,202.2306226094564,185.28344980875647,1146.4448293050134,191.07413821750225,141.33598478243272
3161732,183.86185963948543,181.4466463724773,184.9730288187662,199.198824564616,204.77264531453457,207.17969894409185,246.4887720743814,294.87017949422204,229.01185353597012,189.927781422933,202.67211023966485,183.4090194702148,1161.4327036539714,193.5721172756619,131.50768248050986
1283240,0.0,0.0,0.0,0.0,0.0,0.0,2.694690704345703,6.392070770263672,5.492973327636719,0.0,0.0,0.0,0.0,0.0,0.0
2179537,74.02478281656902,117.96072514851882,64.46456527709952,112.63697560628265,40.75872929890948,44.39690272013348,0.0,20.305238087972008,0.2839711507161457,25.099005381266256,38.24193445841471,110.75781504313156,454.242680867513,75.70711347791884,1096.0252793904508
2192362,103.67004648844406,140.78689702351892,90.37358220418278,135.74065399169922,74.84661992390951,77.95753097534178,0.0,32.59120814005539,23.916882832845047,55.702927907307966,72.89997482299803,147.86043548583982,623.3753306070963,103.89588843451604,814.9195534317153
2193732,27.8174260457356,67.52770105997726,41.4390932718913,69.94890594482418,3.096680959065753,0.0,0.0,0.0,0.0,0.0,0.0,35.05656178792321,209.8298072814941,34.97163454691569,923.0691183988145
3693528,0.0,0.0,0.0,0.0,0.0,0.0,0.0,0.0,0.0,0.0,0.0,0.0,0.0,0.0,0.0
3698350,0.0,0.0,0.0,0.0,0.0,0.0,0.0,0.0,0.0,0.0,0.0,0.0,0.0,0.0,0.0
3936456,0.0,0.0,0.0,0.0,0.0,0.0,0.0,0.0,0.0,0.0,0.0,0.0,0.0,0.0,0.0
3938527,1.093194325764974,0.0,0.0,0.0,0.0,0.0,0.0,0.0,0.0,0.0,0.0,1.028902689615885,1.093194325764974,0.1821990542941623,0.1991789723141227
3941584,3.945677439371748,0.0,0.0,0.0,0.0,0.0,0.0,0.0,0.0,0.0,0.0,6.6038665771484375,3.945677439371748,0.657612906561958,2.5947284092612
3947322,19.322179158528648,0.0,0.0,0.0,0.0,0.0,0.0,0.0,0.0,0.0,0.0,6.4222259521484375,19.322179158528648,3.220363193088108,62.2244345723798
2087894,0.0,0.0,0.0,0.0,0.0,0.0,0.0,0.0,0.0,0.0,0.0,0.0,0.0,0.0,0.0
2088122,0.0,0.0,0.0,0.0,0.0,0.0,0.0,0.0,0.0,0.0,0.0,0.0,0.0,0.0,0.0
1701668,0.0,0.0,0.0,0.0,0.0,0.0,0.0,0.0,0.0,0.0,0.0,0.0,0.0,0.0,0.0
1715348,0.0,0.0,0.0,0.0,0.0,0.0,0.0,0.0,0.0,0.0,0.0,0.0,0.0,0.0,0.0
1717512,0.0,0.0,0.0,0.0,0.0,0.0,0.0,0.0,0.0,0.0,0.0,0.0,0.0,0.0,0.0
1166993,0.0,0.0,0.0,0.0,0.0,37.479422251383454,44.04777272542313,50.63417689005537,23.31645965576172,17.53316879272462,0.0,0.0,37.479422251383454,6.246570375230576,234.1178487162495
1167528,0.0,0.0,0.0,0.0,0.0,18.018647511800147,4.6086972554524746,0.0,11.161674499511726,0.0,0.0,0.0,18.018647511800147,3.003107918633358,54.11194302575027
1168197,0.0,0.0,0.0,3.289634704589844,0.4627342224121094,39.09148279825847,47.284507751464886,50.10691452026367,26.42957814534504,20.921271006266277,2.63891347249349,0.1534957885742187,42.84385172526042,7.1406419542100705,246.64944834148417
1172451,0.0,0.0,0.0,0.0,0.0,23.886648813883472,24.972984313964844,24.033916473388672,12.710665384928395,6.074672698974603,0.0,0.0,23.886648813883472,3.9811081356472457,95.09533192630012
1174872,0.0,0.0,0.0,0.0,0.0,0.0,0.0,0.0,0.0,0.0,0.0,0.0,0.0,0.0,0.0
1176615,0.0,0.0,0.0,0.0,0.107336680094401,39.134370168050125,46.48983001708981,52.22857793172203,26.000704447428365,19.49337387084961,0.1381619771321614,0.0,39.24170684814453,6.540284474690754,254.971704710716
756135,149.00199635823566,169.43566004435218,169.53357569376632,162.97161102294933,161.36053593953451,180.14047368367503,203.86881764729824,195.50771204630507,206.0772018432617,168.82719548543298,159.93863042195642,153.65527598063153,992.4438527425132,165.40730879041885,108.35262205465162
3088171,154.32003021240234,168.84280522664383,166.16061019897455,159.70964813232422,159.78883997599283,182.20159022013345,196.88069915771467,192.9218559265135,198.33477020263672,164.1549949645996,156.60602951049802,145.4864934285481,991.0235239664712,165.1705873277452,96.20800805411622
3094802,129.75313568115234,143.4333000183106,150.12325668334958,138.41228485107433,140.6560274759927,159.49903488159188,185.09171803792307,162.333070119222,190.83957163492832,151.28626124064127,127.1777254740396,132.34025319417313,861.8770395914714,143.64617326524524,104.53243982747487
2267057,28.521283467610665,10.899856567382812,0.1141166687011718,46.67115529378253,34.2928276062012,29.34091313680012,46.091229756673194,82.03529993693037,74.35999806722003,59.37358220418297,57.72541427612297,28.82023366292313,149.8401527404785,24.973358790079747,281.07111125626477
2268339,5.437866210937496,0.0,0.6436258951822915,23.345471700032547,19.07790247599284,21.93401209513347,40.0239283243815,71.97442754109701,56.122774759928355,37.33956527709962,39.21825281778971,19.972821553548176,70.43887837727864,11.739813062879774,118.62473541656102
2735943,49.40490976969409,35.67247645060224,28.36601384480793,68.49073537190756,56.46559778849295,51.7104606628418,70.66316986083984,96.53123092651356,93.9090703328452,95.3081525166831,79.21955490112305,40.96745045979817,290.11019388834654,48.35169898139109,208.799393590344
3439389,56.41939926147454,19.22852071126302,0.0,0.0,0.0,0.0,0.0,0.0,0.0,0.0,35.52714029947917,33.66843795776367,75.64791997273755,12.607986662122926,519.8233311471053
681290,89.8199488321941,109.35550053914385,120.69495264689117,115.43979136149096,120.54941940307631,133.10312016805022,166.60221608479813,138.2555961608888,159.4485397338867,134.7821922302246,104.33893966674816,111.51212819417329,688.9627329508467,114.82712215847444,211.37218962209343
683506,63.318077087402344,61.09711837768555,71.96985499064127,88.1558558146159,77.70493698120116,93.33139165242515,139.25521087646484,102.55816777547184,124.56849416097,102.75037256876608,69.40087000528975,68.34977467854813,455.57723490397143,75.92953915066191,170.03762142477223
792680,69.19364674886066,76.69550704956053,75.70105616251628,85.15626271565755,93.37648646036786,106.85100428263353,135.70817311604804,113.8451143900554,132.4269739786783,115.12968571980792,66.95124435424812,84.60913340250644,506.9739634195964,84.49566056993274,190.28118896175073
498817,173.36706797281897,179.36030197143555,178.13123194376624,193.3510055541992,190.19850794474277,197.2146924336752,244.52352142333987,285.4803682963053,219.6321334838865,219.32328923543275,188.52936935424805,185.2506535847982,1111.622807820638,185.27046797010632,91.96696966854532
499099,162.45601654052734,146.08979415893555,142.6961733500163,168.94304656982425,162.45794804890954,178.3114535013833,163.5345077514648,178.82957077026364,179.68380991617846,181.07027816772475,165.57201258341468,166.1380233764648,960.9544321695964,160.15907202826605,184.02507139085205
501175,115.87528737386062,94.97309494018556,120.99768702189134,145.60727183024093,129.1268933614098,116.23576990763335,153.8041203816732,141.88084030151367,124.76527150472,141.55587387084952,129.78880945841456,125.54134368896484,722.8160044352217,120.46933407253694,279.24698897833224
524901,161.36617279052737,167.95982996622718,170.48718897501632,176.53411102294933,174.7741915384929,179.89324061075854,193.89371999104824,215.62441126505524,208.96831512451172,191.7315737406414,164.08104578653968,171.0473658243815,1031.0147349039717,171.83578915066195,44.4171219603581
581049,179.6765569051106,183.0032056172688,183.2474428812662,196.8501103719072,221.24644088745117,245.0669059753418,228.6728541056314,353.8579527537027,318.4118372599284,288.11463038126647,196.20873133341465,192.415367126465,1209.0906626383455,201.51511043972428,692.2334479825082
1486209,171.42199961344397,159.2183748881022,161.8113263448079,170.17164357503268,178.32122929890943,202.60336430867477,173.31787363688147,194.74835332234707,211.3977584838865,192.12512842814124,182.0634676615398,175.39160410563136,1043.547938028971,173.92465633816184,245.03080355107625
1496153,165.594362894694,145.74417241414383,172.34648259480787,153.71046193440756,165.6139539082846,187.59783045450845,177.3492863972981,194.78871790568044,196.94219207763655,171.89238103230787,177.79743576049808,162.0990422566732,990.6072642008464,165.10121070014105,212.70841170687044
1502026,157.7131779988607,156.85452397664386,173.86772282918298,167.0913213094075,169.18621953328446,181.09408696492503,251.40316009521487,218.0715141296384,199.72987111409492,179.02177556355787,152.87482833862305,153.57202402750653,1005.8070526123043,167.6345087687174,87.4713876036963
2013159,171.24288177490243,188.1269849141436,183.55522282918287,187.104586283366,199.07367070515957,228.67888514200808,256.10815684000636,203.36619186401367,211.58949025472012,208.5282859802246,187.49754969278985,180.24796803792307,1157.7822316487625,192.96370527479377,386.1885210306745
2013348,72.03430430094402,51.7930819193522,61.16980616251625,63.90430959065758,84.3751843770345,83.98699061075851,82.21248626708984,82.16648483276367,80.69471486409505,83.039841969808,63.35122807820641,58.614341735839766,417.26367696126306,69.54394616021051,170.35878926976147
2023469,130.58565521240234,130.21137619018572,124.09819157918304,157.46184539794925,136.63218307495129,130.51221847534163,184.45345306396484,176.45310592651356,165.82614390055343,156.72034327189127,137.93740971883136,112.84415944417329,809.5014699300132,134.9169116550022,137.71281319721112
202061,6.535909016927088,4.60451889038086,4.300956726074219,6.182837168375659,4.113245646158853,3.68169148763021,0.7370084126790366,3.9402376810709616,2.1836293538411455,2.2643585205078125,3.050127665201822,3.1582921346028656,29.41915893554689,4.903193155924481,1.3742456619078107
108410,0.0,0.0,0.0,7.240751902262373,19.06718063354492,27.42130915323894,25.880714416503903,22.074499766031902,2.637730916341145,0.662389119466146,0.0,0.0,53.72924168904623,8.95487361484104,137.35509847063904
2108502,0.0,0.0,0.0,0.0,0.0,0.0,0.0,0.0,0.0,0.0,0.0,0.0,0.0,0.0,0.0
364132,0.0,0.0,0.0,3.23894246419271,2.8266639709472656,7.943820953369141,24.459400177001953,9.84832763671875,0.0,43.45984522501627,0.0,0.0,14.009427388509115,2.334904564751519,9.774878574240764
377039,0.0,0.0,0.0,0.0,0.0,0.0,0.0,0.0,0.0,0.0,0.0,0.0,0.0,0.0,0.0
379003,0.0428479512532552,0.2581520080566406,0.5170923868815106,15.482379913330057,13.441366831461584,26.96701049804688,9.88778559366862,18.877498626708984,0.0,0.0,0.0,0.0,56.70884958902992,9.451474931504988,122.389535587586
379252,0.0,0.0,0.0,0.1927960713704427,0.0,3.7740491231282567,0.0,1.52313232421875,0.0,0.0,0.0,0.0,3.966845194498699,0.6611408657497833,2.33159472854696
379555,0.0,0.0,0.0284207661946614,9.44637680053711,0.0,10.920708974202476,6.99884033203125,6.682072957356769,0.0,0.0,0.0,0.0,20.39550654093425,3.3992510901557083,27.833455810670937
605155,183.20088958740232,219.86616134643583,188.330857594808,332.9468714396159,290.42629114786786,356.0266424814863,430.71773656209297,352.14247767130496,381.01231956481934,288.2458152770995,194.054271697998,197.21370697021484,1570.7977135976164,261.7996189329361,5618.79677612391
2673730,176.08663177490234,176.0504061381022,181.93054835001635,193.81015268961585,192.76670455932597,201.28394699096705,278.4676132202146,294.5119438171387,224.1100794474283,202.60226058959935,198.32787195841485,187.0191268920897,1121.9283905029297,186.9880650838216,109.67157998128934
2711537,180.93038177490232,177.5489412943523,179.51624170939135,192.84644826253265,189.18939336140977,204.5761833190918,222.600507100423,230.9856580098468,208.18625132242852,187.3192202250162,195.22484461466465,176.34774017333984,1124.60758972168,187.43459828694668,105.78655616519303
2713573,176.7097600301105,185.73790613810235,189.11292139689135,201.0581181844076,208.06235885620117,243.27068201700837,393.155968983968,379.83003934224473,244.99370574951175,265.11186345418275,199.57917404174805,189.02221934000627,1203.9517466227214,200.65862443712024,560.0483058862485
1880252,0.0,0.0,0.0,0.0,0.0,0.0,0.0,0.0,0.0,0.0,0.0,0.0,0.0,0.0,0.0
3239318,93.56628672281911,95.37674077351885,93.4867006937663,95.34832000732432,92.1857312520344,115.58236821492524,131.3790715535483,147.0853487650553,149.1959355672201,124.17892074584944,88.91210047403968,96.45866139729824,585.5461476643883,97.59102461073138,79.17648154187859
724443,110.56986745198564,131.3239250183104,138.1652488708495,128.6440556844075,129.36151250203446,147.26604334513345,174.97786712646484,154.416566212972,180.61976369221983,143.4303042093913,118.4059969584146,121.78239186604812,785.3306528727209,130.88844214545347,148.3161289607178
3060972,105.62772878011074,119.33564376831052,127.27942530314117,116.3984502156575,117.4287325541176,138.4161084493003,155.70125579833984,150.04710006713864,162.89718882242835,135.48352686564144,107.05850346883132,110.29109954833996,724.4860890706377,120.74768151177295,123.0750087300226
2407790,0.0,0.0,0.0,0.0,0.0,0.0,0.0,0.0,0.0,0.0,0.0,0.0,0.0,0.0,0.0
2409306,0.0,0.0,0.0,0.0,0.0,0.0,0.0,0.0,0.0,0.0,0.0,0.0,0.0,0.0,0.0
2410048,0.0,0.0,0.0,0.0,0.0,0.0,0.0,0.0,0.0,0.0,0.0,0.0,0.0,0.0,0.0
2253354,0.0,0.0,0.0,0.0,0.0,0.0,0.0,0.0,0.5964419047037761,0.0,0.0,0.0,0.0,0.0,0.0
53654,0.0,0.0,0.0,0.0,0.0,0.0,0.0,0.0,0.0,0.0,0.0,0.0,0.0,0.0,0.0
373303,0.0,0.0,0.0,0.0,2.2035357157389326,1.5480054219563797,4.3247655232747375,1.1472371419270837,0.0,0.0,0.0,0.0,3.751541137695313,0.6252568562825521,0.9812427237946798
2410763,0.0,0.0,0.0,0.0,0.0,0.0,0.0,0.0,0.0,0.0,0.0,0.0,0.0,0.0,0.0
3583361,0.0,0.0,0.0,0.0,0.0,0.0,0.0,0.0,0.0,0.0,0.0,0.0,0.0,0.0,0.0
170654,0.0,0.0,0.0,2.531261444091797,0.0,4.764794667561849,17.72501881917318,0.0,0.0,23.880499521891284,0.0,0.0,7.296056111653645,1.2160093519422743,4.04769605166102
934995,40.1023317972819,19.738714853922524,29.414034525553397,4.598724365234375,0.0,0.0,0.0,0.0,0.0,0.0,21.617008209228516,28.69444910685219,93.8538055419922,15.642300923665363,283.2116206805164
2427123,10.494160970052084,7.659337361653642,8.160938262939464,10.26963297526042,14.640991210937518,27.639214833577466,12.324915568033862,10.44634628295898,0.0,1.6513214111328125,0.2027295430501302,2.1317545572916656,78.86427561442059,13.144045935736765,56.50965939078052
2432678,0.0,0.0,0.0,2.6197954813639317,7.206378936767569,42.4014180501302,63.26580810546874,17.275253295898438,0.0,0.0,0.0,0.0,52.2275924682617,8.704598744710283,280.41104851357966
2365267,0.0,0.0,0.0,0.0,0.0,0.0,0.0,0.0,0.0,0.0,0.0,0.0,0.0,0.0,0.0
1609350,0.0,0.0,0.0,0.0,0.0,0.0,0.0,0.0,0.0,0.0,0.0,0.0,0.0,0.0,0.0
1221874,5.185351053873699,23.482372283935543,6.049444834391278,43.68165334065754,23.190044403076172,59.62444178263344,79.63924407958984,48.68910853068032,42.1541061401367,52.70081202189126,57.732982635498054,19.455650329589847,161.2133076985677,26.86888461642795,456.8445498265508
1645457,0.0,0.0,0.0,0.0,0.0,0.0,0.0,0.0,0.0,0.0,0.0,0.0,0.0,0.0,0.0
2464461,0.0,0.0,0.0,8.429260253906257,18.71714401245117,13.861095428466813,49.769452412923194,57.60211308797203,41.95985158284504,12.399298350016284,7.242998758951835,0.0,41.00749969482424,6.834583282470707,66.64894060356313
2468369,0.0,0.0,0.0,10.87533823649088,17.793804168701183,14.395926157633475,49.81990814208984,53.15696334838867,40.51429494222005,11.86446762084961,5.411455790201817,0.0,43.06506856282554,7.177511427137589,66.60702335361198
4032402,48.13425318400073,14.780848185221348,0.0,0.0,0.0,0.0,0.0,0.0,0.0,0.0,13.63345336914064,25.12904230753579,62.91510136922207,10.48585022820368,375.1322945212261
311046,2.270547231038412,0.0,0.0478146870930989,42.448010762532576,0.0,17.478337605794273,77.51253509521484,26.35488001505532,34.13921356201169,32.17794418334961,15.032299041748026,0.0,62.24471028645836,10.374118381076393,293.3499162046718
323786,9.537354787190756,0.0,3.567850748697915,63.59905242919913,14.13576380411785,50.82243982950845,85.62833913167326,37.44252649943035,37.613090515136705,56.08891423543303,59.428295135498125,19.77856699625651,141.66246159871412,23.61041026645235,717.3123072084758
745044,18.936113993326824,0.0460014343261718,18.14620590209961,66.06886037190758,22.84946823120115,57.83830897013344,108.26277923583984,51.89304733276373,62.349011739095,51.09379704793295,42.896475474039704,25.50024668375649,183.8849589029948,30.64749315049913,656.9425586596369
3573703,0.0,0.0,0.0,0.0,0.0,0.0,0.0,0.0,0.0,0.0,0.0,0.0,0.0,0.0,0.0
1668341,0.0,0.0,1.4555689493815107,13.24801890055338,23.80923080444336,68.19939295450851,40.097956339518234,6.060994466145832,0.0,0.0,0.0,0.0,106.71221160888676,17.785368601481128,699.5498677750477
148730,18.23249308268229,7.836011250813809,9.801498413085938,12.398155212402356,14.498572031656895,12.395119984944666,13.402027130126951,15.944483439127596,10.606503804524742,10.350401560465492,26.5955696105957,19.231871287027996,75.16184997558595,12.526974995930992,13.181495050344102
149658,0.0,0.0,0.0,0.0,0.0,0.0,0.0,0.0,0.0,0.0,0.0,0.0,0.0,0.0,0.0
153220,0.4079030354817707,0.0,0.0,2.6518033345540357,2.1479949951171875,0.341522216796875,0.0,3.488382975260415,0.5564320882161458,2.440953572591146,5.964852650960284,0.0,5.549223581949869,0.9248705969916448,1.3593304016086791
154380,0.0,0.0,0.0,0.0,0.0,0.0,0.0,0.0,0.0,0.0,0.0,0.0,0.0,0.0,0.0
155946,30.834639231363944,17.445501963297534,21.81414031982422,38.54526011149088,26.17493438720706,14.089013417561857,23.52813720703123,23.734848022460938,31.214712778727183,34.35976028442383,44.702396392822266,24.806835174560547,148.9034894307455,24.817248238457584,80.99338774294684
160263,43.22542317708334,38.178549448649086,42.504536946614586,47.50872039794926,44.38945261637369,41.47299321492513,46.0559107462565,51.06734720865884,46.743054707845026,38.21749496459961,49.3917439778646,41.68380355834961,257.2796758015951,42.87994596693252,9.609418952343978
698740,91.80538177490232,82.04633712768552,113.90865707397462,122.96526336669922,117.26475143432631,118.07488123575868,162.62630462646484,125.08917363484711,134.48304494222012,128.54334131876632,105.9938875834145,100.80794525146496,646.0652720133467,107.67754533555778,276.2889201979382
703448,125.75956471761064,139.59361902872723,150.83468246459958,145.37517547607422,150.62103398640951,146.36036300659185,182.53865814208984,171.39239629109704,176.06361134847,161.19324366251632,124.96524175008132,144.74983978271484,858.5444386800131,143.09073978000217,89.03650884459694
229362,0.0,0.0,0.0,0.0,0.0,0.0,0.0,0.0,0.0,0.0,0.0,0.0,0.0,0.0,0.0
232422,0.0,0.0,0.0,0.0,0.0,0.0,0.0,0.0,0.0,0.0,0.0,0.0,0.0,0.0,0.0
233508,0.0,0.0,0.0,0.0,0.0,0.0,0.0,0.0,0.0,0.0,0.0,0.0,0.0,0.0,0.0
4138106,28.521283467610665,10.899856567382812,0.1141166687011718,46.67115529378253,34.2928276062012,29.34091313680012,46.091229756673194,82.03529993693037,74.35999806722003,59.37358220418297,57.72541427612297,28.82023366292313,149.8401527404785,24.973358790079747,281.07111125626477
4335045,0.0,0.0,0.0,0.0,0.0473810831705729,0.5643946329752605,20.20996348063151,39.81899134318033,7.298184712727871,5.229539235432944,0.0,0.0,0.6117757161458334,0.1019626193576389,0.0516816028592142
4560349,38.04480234781901,19.24661382039388,14.69503402709959,57.56454722086586,46.97235234578452,47.00294113159183,63.20833587646476,91.599183400472,90.0138880411784,75.81458155314128,70.08454513549805,31.85010019938153,223.5262908935547,37.254381815592446,287.16096483632913
4671654,0.0,0.0,0.0,0.0,0.1003595987955729,0.3928451538085937,20.833091735839854,41.35284550984703,9.151013692220053,5.835007985432946,0.0613352457682291,0.0,0.4932047526041667,0.0822007921006944,0.0247715085218833
4699066,0.0,0.0,0.0,0.0,0.0,0.8015365600585936,19.88956960042318,38.582825978597,6.106522878011066,4.4373842875162754,0.0,0.0,0.8015365600585936,0.1335894266764322,0.1070768095184272
4887398,58.49703216552742,38.22553634643555,34.41061019897461,71.77035776774088,61.844178517659536,55.58293787638351,71.83626556396484,99.92942428588876,98.98996225992842,103.11113103230802,84.45938237508133,45.8288599650065,320.33065287272154,53.38844214545359,206.07592414121933
4930956,65.23034922281899,38.47276941935221,40.22815577189128,74.0509567260742,63.39064661661781,56.27922693888345,73.56941986083984,103.11822636922186,102.65052541097,105.81051254272448,89.45702234903968,47.574628194173194,337.65210469563795,56.27535078260632,204.2471968917902
5128581,45.86039479573565,33.35908126831054,26.07784652709961,67.40341440836586,53.635031382242886,51.41529464721674,70.34782155354819,95.44895553588856,93.48271942138672,89.95479965209968,76.9995028177897,38.14445241292318,277.7510630289713,46.29184383816189,220.38374933940904
5368361,0.0,0.0,3.0066490173339875,0.0,0.9850298563639318,14.66838709513346,30.550865173339844,58.33372116088867,35.20382944742839,17.351528167724624,16.167552947998068,3.3195927937825496,18.66006596883138,3.1100109948052297,33.42775835543702
5391959,15.317019144694024,4.259054819742837,0.2294947306315103,34.88721974690754,23.111838022867843,24.862967173258472,42.66528574625652,73.78831100463866,62.28594207763663,45.89181137084957,49.377513885498,24.594566345214844,102.66759363810222,17.11126560635037,173.09462449685887
5746545,99.33589935302744,65.47919845581039,79.62146631876628,99.53614552815742,94.2014376322428,100.5616976420085,96.70841725667306,132.38507207234696,134.28374481201183,128.22294743855772,115.50226974487305,70.83219655354814,538.7358449300128,89.78930748833547,203.2031890516188
5809844,114.15222422281906,88.69640223185223,93.62293116251638,120.88396453857422,128.2212130228679,140.74716313680017,117.84432220459,150.465882619222,149.17323048909503,142.2269350687663,127.78571701049805,85.1490097045898,686.3238983154299,114.38731638590498,403.932537242753
3441575,145.77787526448563,137.81253178914386,31.900358835856135,10.806158701578774,31.031455993652344,0.0,0.0,1.5461921691894531,6.5849456787109375,23.54855600992839,50.055276234944685,85.95125579833984,357.3283805847168,59.5547300974528,4212.04895874102
1512569,17.99870173136393,48.3873202006022,11.65255355834961,67.6102828979492,39.99180221557617,86.42904790242517,95.66146087646476,52.22857793172202,47.95651499430337,77.72685368855794,78.30630620320638,30.349042256673165,272.0697085062663,45.34495141771105,820.9110459006308
3646738,0.0,0.0,0.0,0.0,0.0,0.0,0.0,0.0,0.0,0.0,0.0,0.0,0.0,0.0,0.0
1562798,0.0,0.0,0.0,0.0,0.0,0.0,0.0,0.0,0.0,0.0,0.0,0.0,0.0,0.0,0.0
1566083,0.0,0.0,0.0,0.0,0.0,0.0,0.0,0.0,0.0,0.0,0.0,0.0,0.0,0.0,0.0
1568043,0.0,0.0,0.0,0.0,0.0,0.0,0.0,0.0,0.0,0.0,0.0,0.0,0.0,0.0,0.0
1572151,0.0,0.0,0.0,0.0,0.0,0.0,0.0,0.0,0.0,0.0,0.0,0.0,0.0,0.0,0.0
1581130,0.0,0.0,0.0,0.0,0.0,0.0,0.0,0.0,0.0,0.0,0.0,0.0,0.0,0.0,0.0
1583992,0.0,0.0,0.0,0.0,0.0,0.0,0.0,0.0,0.0,0.0,0.0,0.0,0.0,0.0,0.0
1584071,0.0,0.0,0.0,0.0,0.0,0.0,0.0,0.0,0.0,0.0,0.0,0.0,0.0,0.0,0.0
1586203,0.0,0.0,0.0,0.0,0.0,0.0,0.0,0.0,0.0,0.0,0.0,0.0,0.0,0.0,0.0
1586443,0.0,0.0,0.0,0.0,0.0,0.0,0.0,0.0,0.0,0.0,0.0,0.0,0.0,0.0,0.0
2135171,0.0,0.0,0.0,0.0,0.0,0.0,0.0,0.0,0.0,0.0,0.0,0.0,0.0,0.0,0.0
4035413,1.8442357381184888,0.0,0.0,0.0,0.0,0.0,0.0,0.0,0.0,0.0,0.0,3.2611745198567683,1.8442357381184888,0.3073726230197481,0.566867576292241
71137,0.0,0.0,0.0,0.0,0.0,0.0,0.0,0.0,0.0,0.0,0.0,0.0,0.0,0.0,0.0
415189,0.0,0.0,0.0,0.0,0.0,0.0,0.0,0.0,0.0,0.0,0.0,0.0,0.0,0.0,0.0
945945,59.34973398844406,0.0,28.883106231689453,6.290370941162116,0.0,0.0,0.0,0.0,0.0,0.0,37.96155039469401,28.295848846435582,94.52321116129562,15.753868526882604,581.4174550587467
964137,49.34582138061528,19.480799357096355,33.1452356974284,10.350677490234377,0.0,0.0,0.0,0.0,0.0,0.0,43.48645273844403,44.50471242268881,112.32253392537442,18.720422320895736,383.50590680556263
964420,41.70284271240236,10.767528533935542,22.379441579182934,6.483167012532557,0.0,0.0,0.0,0.0,0.0,0.0,0.0,2.482224782307943,81.3329798380534,13.555496639675567,259.0857372086811
965289,31.536092122395814,17.738145192464195,23.05535125732424,3.9200948079427103,0.0,0.0,0.0,0.0,0.0,0.0,17.41404596964519,34.16132736206055,76.24968338012697,12.708280563354494,177.41617937228725
967106,34.792930603027344,4.754309336344401,28.638474782307966,4.388426462809244,0.0,0.0,0.0,0.0,0.0,0.0,0.0,0.3527565002441406,72.57414118448897,12.095690197414829,238.9475347556159
971534,50.012901306152344,19.05251693725586,38.85682423909505,8.418893178304042,0.0,0.0,0.0,0.0,0.0,0.0,27.3103459676107,40.2815678914388,116.3411356608073,19.390189276801216,437.8285219715828
981827,20.3196652730306,13.602706909179688,16.783822377522792,1.5375200907389328,0.0,0.0,0.0,0.0,0.0,0.0,11.519358317057288,27.57433191935219,52.24371465047201,8.707285775078669,85.41642805627744
990930,68.66386159261059,16.31722513834635,38.18576304117838,9.456467946370442,0.0,0.0,0.0,0.0,0.0,0.0,55.43890253702791,33.57048288981121,132.62331771850577,22.10388628641763,719.4128552610271
1002108,60.05106862386062,22.74023946126303,43.81914520263672,14.156419118245449,0.0,0.0,0.0,0.0,0.0,0.0,34.87365976969402,51.22241973876954,140.76687240600583,23.461145401000973,588.2437922005869
1006984,39.613975524902344,7.606477101643877,24.057094573974588,5.728853861490883,0.0,0.0,0.0,0.0,0.0,0.0,0.0,2.3630231221516924,77.00640106201169,12.834400177001948,250.07162985446104
1007311,40.331905364990234,19.48584493001302,30.9239222208659,11.316431681315102,0.0,0.0,0.0,0.0,0.0,0.0,15.569889068603516,19.69728597005208,102.05810419718426,17.009684032864044,270.9470458279717
1018725,62.909385681152344,25.551214853922534,35.47124481201172,8.126959482828768,0.0,0.0,0.0,0.0,0.0,0.0,28.261436462402308,30.01887257893879,132.05880482991537,22.009800804985897,605.6248154779099
3369157,32.72424570719406,15.931672414143868,25.936570485432963,0.9546775817871094,0.0,0.0,0.0,0.0,0.0,0.0,0.0,2.7566566467285156,75.547166188558,12.591194364759666,209.4164975320934
909137,9.997842152913412,0.0,0.0,0.0,0.0,0.0,0.0,0.0,0.0,0.0,0.0917269388834635,23.46380615234375,9.997842152913412,1.6663070254855687,16.659474619095388
890299,2.4236488342285156,0.0,1.3781903584798174,0.0,0.0,0.0,0.0,0.0,0.0,0.0,0.0,14.00107065836588,3.801839192708333,0.6336398654513888,1.072897092265689
894701,14.913333892822289,8.577316284179688,15.234831492106112,0.0,0.0,0.0,0.0,0.0,0.0,0.0,8.734202067057288,27.449808756510425,38.725481669108085,6.454246944851348,55.62683025595727
